level_0,index,id,StuId,Class,Sex,CHI611,MATH611,ENG611,CHI612,MATH612,ENG612,CHI621,MATH621,ENG621,CHI622,MATH622,ENG622,CHI711,MATH711,ENG711,CHI712,MATH712,ENG712,CHI721,MATH721,ENG721,CHI722,MATH722,ENG722,CHI811,MATH811,ENG811,PHY811,CHI812,MATH812,ENG812,PHY812,CHI821,MATH821,ENG821,PHY821,CHI822,MATH822,ENG822,PHY822,CHI911,MATH911,ENG911,PHY911,CHE911,CHI912,MATH912,ENG912,PHY912,CHE912,CHI921,MATH921,ENG921,PHY921,CHE921
0.0,0.0,1.0,A01,A,F,83.0,83.0,95.0,86.0,95.0,96.0,89.0,92.0,98.0,91.0,91.0,98.0,89.0,89.0,93.0,83.0,100.0,95.5,92.0,94.0,99.0,88.0,93.0,92.0,83.0,96.0,95.0,89.0,86.0,89.0,95.0,84.0,89.0,85.0,92.0,85.0,75.0,92.0,92.0,91.0,83.0,87.0,91.0,80.0,85.0,87.0,89.0,91.0,88.0,94.0,80.0,91.0,93.0,88.0,95.0
1.0,1.0,2.0,A02,A,F,98.0,100.0,90.0,98.0,100.0,95.0,91.0,96.0,96.0,96.0,94.0,96.0,94.0,94.0,94.0,88.0,95.0,98.0,91.0,94.0,96.0,92.0,93.0,97.0,93.0,97.0,94.0,97.0,89.0,96.0,100.0,91.0,97.0,82.0,93.0,90.0,88.0,98.0,92.0,96.0,88.0,100.0,91.0,91.0,97.0,88.0,97.0,95.0,97.0,96.0,89.0,92.0,97.0,93.0,95.0
2.0,2.0,3.0,A03,A,F,94.0,97.0,91.0,97.0,96.0,97.0,93.0,98.0,97.0,98.0,93.0,97.0,93.0,94.0,95.0,91.0,98.0,98.0,87.0,95.0,98.0,92.0,93.0,99.0,93.0,97.0,94.0,94.0,88.0,94.0,99.0,86.0,93.0,89.0,96.0,97.0,87.0,96.0,98.0,97.0,84.0,96.0,91.0,87.0,95.0,88.0,97.0,96.0,96.0,95.0,89.0,97.0,97.0,96.0,95.0
3.0,3.0,4.0,A04,A,F,92.0,97.0,97.0,92.0,94.0,97.0,86.0,92.0,97.0,99.0,86.0,95.0,92.0,92.0,91.0,82.0,97.0,95.5,92.0,90.0,94.0,88.0,90.0,93.0,89.0,95.0,93.0,95.0,88.0,91.0,93.0,80.0,89.0,92.0,93.0,94.0,77.0,99.0,91.0,93.0,83.0,89.0,90.0,92.0,88.0,89.0,86.0,95.0,84.0,94.0,81.0,91.0,93.0,92.0,88.0
4.0,4.0,5.0,A05,A,F,90.0,89.0,94.0,93.0,89.0,90.0,86.0,94.0,97.0,93.0,88.0,95.0,96.0,87.0,92.0,78.0,94.0,95.0,89.0,89.0,91.0,88.0,86.0,91.0,87.0,90.0,89.0,84.0,86.0,85.0,94.0,85.0,83.0,76.0,92.0,78.0,75.0,78.0,92.0,89.0,85.0,94.0,81.0,81.0,80.0,85.0,91.0,91.0,87.0,92.0,83.0,93.0,85.0,88.0,90.0
6.0,6.0,7.0,A07,A,F,83.0,95.0,95.0,92.0,94.0,93.0,85.0,88.0,97.0,93.0,93.0,95.0,90.0,94.0,93.0,86.0,95.0,95.5,86.0,84.0,96.0,82.0,87.0,95.0,93.0,93.0,93.0,96.0,91.0,91.0,95.0,85.0,90.0,70.0,95.0,76.0,80.0,91.0,93.0,87.0,79.0,79.0,87.0,86.0,87.0,86.0,91.0,91.0,77.0,93.0,81.0,88.0,96.0,88.0,85.0
7.0,7.0,8.0,A08,A,F,92.0,93.0,95.0,90.0,89.0,89.0,86.0,94.0,97.0,98.0,93.0,92.0,91.0,89.0,89.0,85.0,96.0,87.5,94.0,93.0,91.0,94.0,89.0,90.0,87.0,87.0,91.0,96.0,86.0,88.0,93.0,94.0,93.0,73.0,88.0,80.0,90.0,95.0,96.0,93.0,90.0,89.0,89.0,90.0,90.0,93.0,93.0,98.0,80.0,95.0,84.0,88.0,97.0,97.0,92.0
8.0,8.0,9.0,A09,A,F,91.0,97.0,98.0,88.0,97.0,94.0,85.0,95.0,96.0,88.0,89.0,99.0,91.0,95.0,95.0,94.0,94.0,95.5,84.0,92.0,98.0,91.0,91.0,96.0,90.0,98.0,96.0,98.0,91.0,92.0,99.0,90.0,84.0,90.0,98.0,89.0,80.0,88.0,89.0,96.0,80.0,90.0,81.0,78.0,80.0,81.0,91.0,89.0,91.0,95.0,82.0,92.0,91.0,79.0,87.0
9.0,9.0,10.0,A10,A,F,79.0,91.0,90.0,90.0,86.0,89.0,77.0,89.0,85.0,91.0,89.0,89.0,98.0,80.0,87.0,80.0,93.0,84.0,87.0,80.0,82.0,86.0,77.0,88.0,85.0,85.0,85.0,89.0,88.0,87.0,87.0,74.0,88.0,89.0,87.0,72.0,75.0,94.0,87.0,86.0,86.0,92.0,79.0,91.0,88.0,84.0,95.0,88.0,87.0,85.0,79.0,90.0,89.0,96.0,82.0
10.0,10.0,11.0,A11,A,F,91.0,89.0,80.0,89.0,95.0,91.0,84.0,94.0,91.0,92.0,93.0,85.0,88.0,94.0,86.0,80.0,91.0,92.5,91.0,91.0,90.0,83.0,80.0,85.0,90.0,88.0,88.0,95.0,86.0,87.0,87.0,88.0,88.0,89.0,83.0,94.0,79.0,85.0,85.0,95.0,81.0,94.0,80.0,82.0,88.0,81.0,91.0,88.0,97.0,92.0,80.0,85.0,93.0,87.0,88.0
12.0,12.0,13.0,A13,A,F,89.0,90.0,79.0,89.0,85.0,87.0,87.0,90.0,94.0,89.0,93.0,85.0,90.0,92.0,80.0,80.0,84.0,91.5,90.0,93.0,85.0,86.0,80.0,84.0,85.0,83.0,86.0,86.0,86.0,80.0,90.0,79.0,89.0,61.0,79.0,72.0,81.0,84.0,94.0,85.0,78.0,86.0,83.0,87.0,80.0,84.0,87.0,89.0,78.0,92.0,81.0,89.0,89.0,89.0,87.0
13.0,13.0,14.0,A14,A,F,78.0,97.0,93.0,83.0,87.0,88.0,82.0,90.0,94.0,91.0,88.0,92.0,79.0,89.0,85.0,82.0,86.0,91.0,90.0,90.0,91.0,88.0,89.0,94.0,88.0,90.0,88.0,92.0,82.0,85.0,92.0,78.0,88.0,91.0,96.0,72.0,80.0,84.0,75.0,88.0,83.0,69.0,60.0,74.0,73.0,84.0,85.0,77.0,66.0,89.0,85.0,79.0,84.0,74.0,72.0
14.0,14.0,15.0,A15,A,F,88.0,83.0,88.0,94.0,84.0,91.0,84.0,83.0,88.0,93.0,92.0,86.0,97.0,93.0,80.0,80.0,87.0,87.5,91.0,90.0,83.0,86.0,79.0,76.0,84.0,80.0,80.0,95.0,87.0,84.0,87.0,80.0,90.0,84.0,84.0,88.0,82.0,81.0,96.0,97.0,87.0,91.0,82.0,90.0,93.0,84.0,92.0,90.0,87.0,92.0,77.0,83.0,89.0,88.0,83.0
15.0,15.0,16.0,A16,A,F,86.0,89.0,73.0,90.0,73.0,75.0,81.0,75.0,65.0,88.0,86.0,78.0,79.0,86.0,71.0,80.0,76.0,71.5,97.0,84.0,69.0,86.0,72.0,62.0,82.0,72.0,67.0,84.0,87.0,66.0,70.0,62.0,87.0,77.0,70.0,65.0,82.0,82.0,96.0,80.0,78.0,90.0,83.0,91.0,75.0,86.0,83.0,91.0,72.0,85.0,81.0,89.0,93.0,91.0,83.0
16.0,16.0,17.0,A17,A,M,92.0,96.0,93.0,91.0,98.0,95.0,85.0,91.0,89.0,94.0,92.0,94.0,96.0,93.0,90.0,86.0,99.0,92.0,90.0,94.0,90.0,89.0,86.0,88.0,91.0,94.0,82.0,95.0,88.0,86.0,88.0,90.0,83.0,90.0,92.0,90.0,72.0,100.0,98.0,95.0,86.0,97.0,94.0,94.0,93.0,77.0,93.0,91.0,92.0,93.0,89.0,93.0,94.0,98.0,92.0
17.0,17.0,18.0,A18,A,M,89.0,97.0,92.0,89.0,91.0,94.0,84.0,98.0,93.0,79.0,95.0,92.0,73.0,95.0,92.0,87.0,95.0,94.0,91.0,88.0,89.0,83.0,78.0,88.0,83.0,91.0,79.0,86.0,89.0,96.0,90.0,78.0,84.0,93.0,85.0,71.0,72.0,88.0,82.0,90.0,75.0,86.0,79.0,86.0,88.0,83.0,93.0,86.0,91.0,78.0,80.0,85.0,89.0,96.0,83.0
18.0,18.0,19.0,A19,A,M,88.0,97.0,91.0,91.0,99.0,95.0,87.0,100.0,93.0,96.0,93.0,94.0,97.0,97.0,93.0,78.0,100.0,89.5,93.0,93.0,95.0,93.0,96.0,96.0,88.0,99.0,93.0,99.0,90.0,99.0,94.0,93.0,91.0,96.0,95.0,93.0,78.0,100.0,90.0,92.0,77.0,95.0,84.0,90.0,92.0,85.0,97.0,89.0,91.0,96.0,82.0,91.0,93.0,96.0,95.0
19.0,19.0,20.0,A20,A,M,88.0,91.0,91.0,91.0,92.0,93.0,75.0,94.0,91.0,92.0,81.0,94.0,93.0,93.0,84.0,80.0,93.0,86.5,90.0,81.0,85.0,92.0,82.0,89.0,73.0,92.0,79.0,84.0,88.0,88.0,91.0,84.0,96.0,82.0,89.0,92.0,72.0,98.0,91.0,97.0,88.0,94.0,90.0,89.0,97.0,87.0,95.0,90.0,85.0,92.0,79.0,91.0,95.0,91.0,92.0
20.0,20.0,21.0,A21,A,M,82.0,98.0,87.0,91.0,97.0,92.0,86.0,94.0,88.0,93.0,99.0,90.0,90.0,94.0,85.0,82.0,96.0,91.5,93.0,94.0,89.0,92.0,96.0,82.0,84.0,95.0,90.0,97.0,93.0,100.0,93.0,86.0,90.0,95.0,91.0,88.0,81.0,100.0,86.0,92.0,83.0,93.0,81.0,80.0,88.0,85.0,95.0,90.0,93.0,95.0,85.0,85.0,91.0,92.0,93.0
21.0,21.0,22.0,A22,A,M,89.0,91.0,85.0,90.0,95.0,94.0,81.0,91.0,88.0,90.0,96.0,88.0,91.0,95.0,92.0,86.0,96.0,90.5,88.0,95.0,90.0,81.0,90.0,90.0,83.0,96.0,86.0,99.0,90.0,92.0,92.0,91.0,93.0,84.0,94.0,95.0,84.0,90.0,94.0,96.0,90.0,86.0,88.0,91.0,92.0,87.0,95.0,93.0,95.0,93.0,83.0,93.0,92.0,94.0,88.0
22.0,22.0,23.0,A23,A,M,87.0,93.0,82.0,86.0,97.0,91.0,79.0,99.0,83.0,87.0,95.0,91.0,88.0,90.0,86.0,79.0,97.0,90.5,94.0,95.0,86.0,90.0,89.0,84.0,87.0,97.0,90.0,96.0,90.0,97.0,93.0,84.0,90.0,95.0,89.0,86.0,79.0,93.0,95.0,95.0,85.0,91.0,84.0,82.0,88.0,81.0,95.0,93.0,91.0,98.0,85.0,99.0,92.0,96.0,93.0
23.0,23.0,24.0,A24,A,M,86.0,87.0,87.0,91.0,98.0,91.0,84.0,92.0,89.0,81.0,94.0,92.0,79.0,92.0,91.0,78.0,95.0,95.0,81.0,86.0,95.0,78.0,88.0,87.0,87.0,97.0,91.0,91.0,84.0,95.0,96.0,87.0,83.0,93.0,96.0,83.0,72.0,80.0,82.0,95.0,83.0,77.0,85.0,83.0,73.0,72.0,84.0,76.0,92.0,97.0,75.0,80.0,81.0,70.0,78.0
24.0,24.0,25.0,A25,A,M,88.0,95.0,88.0,91.0,99.0,93.0,86.0,97.0,92.0,88.0,95.0,92.0,94.0,98.0,88.0,87.0,94.0,96.5,92.0,94.0,94.0,82.0,96.0,92.0,86.0,97.0,91.0,97.0,96.0,90.0,97.0,86.0,84.0,93.0,87.0,88.0,72.0,89.0,89.0,97.0,87.0,91.0,77.0,86.0,92.0,81.0,90.0,80.0,84.0,90.0,77.0,86.0,90.0,92.0,85.0
25.0,25.0,26.0,A26,A,M,80.0,76.0,84.0,86.0,89.0,80.0,80.0,91.0,80.0,82.0,87.0,86.0,79.0,83.0,79.0,79.0,89.0,90.0,86.0,87.0,84.0,82.0,83.0,81.0,70.0,87.0,84.0,83.0,90.0,87.0,84.0,79.0,91.0,89.0,84.0,56.0,73.0,97.0,92.0,78.0,75.0,95.0,84.0,93.0,87.0,84.0,97.0,92.0,69.0,60.0,78.0,97.0,92.0,97.0,92.0
26.0,26.0,27.0,A27,A,M,79.0,100.0,84.0,90.0,87.0,93.0,77.0,89.0,86.0,88.0,89.0,82.0,84.0,92.0,84.0,82.0,91.0,88.5,80.0,86.0,88.0,80.0,83.0,92.0,85.0,92.0,89.0,86.0,87.0,85.0,85.0,84.0,80.0,84.0,87.0,80.0,70.0,92.0,91.0,94.0,79.0,87.0,81.0,84.0,87.0,75.0,88.0,86.0,87.0,90.0,75.0,100.0,83.0,87.0,82.0
28.0,28.0,29.0,A29,A,M,83.0,99.0,93.0,89.0,91.0,81.0,80.0,93.0,88.0,92.0,95.0,89.0,91.0,94.0,83.0,73.0,96.0,89.0,88.0,90.0,87.0,89.0,93.0,84.0,78.0,96.0,86.0,95.0,85.0,96.0,89.0,86.0,90.0,93.0,92.0,91.0,79.0,80.0,89.0,97.0,79.0,92.0,83.0,84.0,88.0,83.0,85.0,87.0,93.0,93.0,81.0,89.0,87.0,93.0,87.0
29.0,29.0,30.0,A30,A,M,73.0,84.0,91.0,88.0,92.0,85.0,75.0,94.0,90.0,89.0,93.0,91.0,93.0,96.0,82.0,77.0,91.0,90.0,86.0,87.0,85.0,86.0,89.0,84.0,76.0,88.0,73.0,82.0,85.0,92.0,88.0,87.0,92.0,90.0,91.0,81.0,76.0,90.0,88.0,94.0,82.0,97.0,87.0,81.0,78.0,78.0,99.0,88.0,90.0,91.0,78.0,86.0,92.0,88.0,82.0
30.0,30.0,31.0,A31,A,M,61.0,97.0,85.0,71.0,100.0,91.0,81.0,99.0,93.0,74.0,93.0,91.0,87.0,97.0,93.0,87.0,97.0,93.5,78.0,96.0,91.0,76.0,95.0,95.0,88.0,96.0,92.0,97.0,87.0,98.0,95.0,85.0,70.0,92.0,97.0,95.0,70.0,88.0,78.0,94.0,73.0,60.0,75.0,81.0,63.0,76.0,87.0,80.0,86.0,93.0,70.0,81.0,86.0,80.0,73.0
31.0,31.0,32.0,A32,A,M,79.0,83.0,84.0,81.0,85.0,81.0,70.0,88.0,87.0,82.0,91.0,88.0,80.0,91.0,85.0,82.0,87.0,87.5,81.0,83.0,88.0,83.0,89.0,88.0,85.0,84.0,87.0,93.0,82.0,87.0,93.0,80.0,81.0,92.0,88.0,86.0,72.0,84.0,65.0,84.0,79.0,69.0,65.0,74.0,55.0,72.0,81.0,73.0,85.0,90.0,73.0,81.0,80.0,67.0,68.0
32.0,32.0,33.0,A33,A,M,94.0,87.0,86.0,92.0,86.0,86.0,80.0,88.0,82.0,87.0,84.0,76.0,94.0,87.0,77.0,81.0,97.0,90.5,82.0,96.0,93.0,92.0,94.0,92.0,85.0,90.0,85.0,88.0,91.0,96.0,89.0,74.0,92.0,77.0,89.0,79.0,81.0,98.0,95.0,91.0,89.0,95.0,87.0,97.0,98.0,83.0,91.0,92.0,91.0,90.0,86.0,91.0,94.0,92.0,90.0
33.0,33.0,34.0,A34,A,M,88.0,84.0,89.0,87.0,89.0,86.0,68.0,86.0,83.0,86.0,84.0,88.0,78.0,83.0,80.0,71.0,87.0,86.5,86.0,76.0,83.0,90.0,79.0,80.0,74.0,85.0,81.0,90.0,76.0,68.0,77.0,73.0,90.0,84.0,80.0,74.0,85.0,95.0,98.0,84.0,81.0,81.0,92.0,98.0,90.0,89.0,95.0,96.0,78.0,82.0,85.0,93.0,94.0,97.0,93.0
36.0,36.0,37.0,A37,A,M,84.0,92.0,71.0,99.0,78.0,74.0,72.0,83.0,80.0,98.0,80.0,79.0,97.0,86.0,75.0,69.0,93.0,78.5,91.0,83.0,81.0,94.0,75.0,73.0,77.0,71.0,75.0,77.0,84.0,58.0,77.0,60.0,99.0,76.0,69.0,43.0,82.0,100.0,97.0,71.0,91.0,97.0,89.0,92.0,98.0,90.0,97.0,96.0,68.0,72.0,81.0,96.0,97.0,98.0,97.0
41.0,41.0,42.0,B01,B,F,89.0,100.0,95.0,90.0,91.0,99.0,84.0,96.0,92.0,93.0,97.0,95.0,97.0,95.0,91.0,80.0,91.0,93.5,89.0,93.0,93.0,96.0,85.0,90.0,86.0,93.0,91.0,97.0,87.0,91.0,94.0,94.0,91.0,94.0,91.0,97.0,88.0,87.0,97.0,96.0,82.0,93.0,90.0,86.0,80.0,88.0,95.0,94.0,94.0,98.0,86.0,85.0,93.0,94.0,87.0
42.0,42.0,43.0,B02,B,F,87.0,96.0,94.0,90.0,94.0,96.0,75.0,96.0,96.0,93.0,92.0,97.0,88.0,93.0,94.0,83.0,97.0,97.0,83.0,95.0,97.0,88.0,95.0,97.0,78.0,91.0,93.0,99.0,92.0,88.0,97.0,91.0,84.0,92.0,96.0,87.0,76.0,86.0,94.0,97.0,84.0,91.0,84.0,88.0,83.0,87.0,93.0,93.0,94.0,97.0,79.0,91.0,91.0,97.0,90.0
43.0,43.0,44.0,B03,B,F,88.0,97.0,99.0,91.0,99.0,98.0,90.0,100.0,98.0,90.0,99.0,98.0,84.0,95.0,97.0,88.0,97.0,97.5,86.0,94.0,98.0,88.0,90.0,96.0,86.0,99.0,97.0,97.0,91.0,90.0,98.0,98.0,87.0,95.0,97.0,96.0,75.0,91.0,88.0,99.0,83.0,88.0,85.0,89.0,87.0,78.0,89.0,94.0,95.0,95.0,81.0,93.0,92.0,92.0,82.0
44.0,44.0,45.0,B04,B,F,81.0,100.0,94.0,94.0,96.0,91.0,86.0,95.0,94.0,94.0,91.0,95.0,91.0,95.0,91.0,78.0,99.0,98.0,90.0,93.0,92.0,87.0,92.0,96.0,89.0,93.0,86.0,96.0,84.0,92.0,97.0,85.0,91.0,96.0,94.0,95.0,80.0,96.0,86.0,99.0,90.0,97.0,83.0,94.0,92.0,81.0,97.0,93.0,88.0,93.0,83.0,90.0,93.0,90.0,90.0
45.0,45.0,46.0,B05,B,F,79.0,91.0,94.0,83.0,97.0,98.0,89.0,100.0,95.0,87.0,95.0,97.0,77.0,97.0,98.0,86.0,100.0,97.0,86.0,93.0,94.0,80.0,88.0,99.0,84.0,96.0,95.0,96.0,87.0,95.0,98.0,92.0,78.0,89.0,93.0,100.0,64.0,81.0,85.0,99.0,72.0,70.0,82.0,80.0,77.0,75.0,77.0,91.0,95.0,93.0,70.0,82.0,88.0,77.0,68.0
46.0,46.0,47.0,B06,B,F,89.0,93.0,95.0,86.0,100.0,100.0,91.0,97.0,98.0,92.0,93.0,98.0,92.0,95.0,99.0,91.0,97.0,97.0,89.0,94.0,96.0,88.0,89.0,99.0,92.0,98.0,100.0,97.0,87.0,93.0,99.0,86.0,97.0,91.0,98.0,95.0,72.0,63.0,87.0,99.0,83.0,55.0,80.0,78.0,75.0,83.0,82.0,89.0,98.0,97.0,87.0,73.0,91.0,83.0,62.0
47.0,47.0,48.0,B07,B,F,86.0,96.0,98.0,88.0,92.0,100.0,90.0,96.0,99.0,86.0,95.0,98.0,89.0,90.0,97.0,88.0,88.0,99.0,86.0,91.0,97.0,92.0,86.0,96.0,90.0,83.0,96.0,95.0,88.0,86.0,98.0,92.0,84.0,79.0,93.0,91.0,78.0,79.0,95.0,98.0,87.0,95.0,90.0,87.0,90.0,83.0,91.0,94.0,92.0,95.0,80.0,93.0,92.0,92.0,88.0
48.0,48.0,49.0,B08,B,F,77.0,93.0,97.0,73.0,86.0,92.0,85.0,95.0,98.0,66.0,90.0,97.0,74.0,92.0,95.0,80.0,89.0,94.0,47.0,85.0,94.0,72.0,84.0,92.0,82.0,91.0,96.0,84.0,87.0,72.0,92.0,83.0,70.0,78.0,90.0,86.0,54.0,21.0,22.0,86.0,72.0,9.0,22.0,53.0,35.0,79.0,87.0,87.0,84.0,95.0,70.0,27.0,36.0,52.0,38.0
49.0,49.0,50.0,B09,B,F,83.0,95.0,91.0,79.0,94.0,91.0,82.0,95.0,93.0,87.0,95.0,92.0,86.0,93.0,88.0,85.0,98.0,95.5,80.0,82.0,93.0,80.0,94.0,92.0,89.0,86.0,90.0,93.0,91.0,88.0,94.0,88.0,83.0,89.0,91.0,92.0,74.0,91.0,71.0,99.0,79.0,93.0,65.0,94.0,92.0,85.0,89.0,79.0,87.0,89.0,76.0,87.0,76.0,92.0,90.0
50.0,50.0,51.0,B10,B,F,97.0,96.0,88.0,86.0,95.0,95.0,85.0,94.0,99.0,89.0,95.0,97.0,86.0,94.0,95.0,89.0,92.0,96.5,89.0,95.0,95.0,81.0,90.0,93.0,89.0,97.0,95.0,95.0,89.0,84.0,96.0,89.0,83.0,88.0,93.0,94.0,72.0,88.0,89.0,96.0,84.0,87.0,76.0,99.0,80.0,79.0,95.0,88.0,88.0,93.0,79.0,88.0,93.0,93.0,88.0
51.0,51.0,52.0,B11,B,F,88.0,99.0,89.0,88.0,92.0,87.0,79.0,97.0,95.0,86.0,98.0,94.0,81.0,95.0,95.0,85.0,96.0,91.5,80.0,98.0,95.0,86.0,92.0,92.0,77.0,95.0,89.0,92.0,88.0,87.0,97.0,94.0,83.0,85.0,93.0,93.0,78.0,87.0,93.0,94.0,79.0,99.0,83.0,90.0,93.0,78.0,96.0,92.0,83.0,92.0,80.0,97.0,92.0,97.0,95.0
52.0,52.0,53.0,B12,B,F,91.0,93.0,94.0,93.0,93.0,92.0,79.0,96.0,93.0,92.0,94.0,92.0,98.0,88.0,85.0,83.0,95.0,89.0,93.0,92.0,92.0,96.0,87.0,86.0,78.0,98.0,85.0,96.0,86.0,94.0,89.0,91.0,93.0,82.0,89.0,81.0,88.0,95.0,97.0,93.0,85.0,89.0,97.0,99.0,98.0,83.0,96.0,97.0,88.0,87.0,82.0,93.0,95.0,99.0,95.0
53.0,53.0,54.0,B13,B,F,87.0,92.0,84.0,88.0,86.0,89.0,89.0,95.0,84.0,74.0,96.0,91.0,90.0,93.0,90.0,83.0,100.0,92.0,88.0,92.0,88.0,82.0,94.0,90.0,87.0,97.0,84.0,93.0,89.0,92.0,86.0,86.0,82.0,82.0,88.0,92.0,78.0,83.0,85.0,100.0,77.0,79.0,81.0,77.0,77.0,77.0,79.0,89.0,94.0,88.0,82.0,81.0,86.0,83.0,63.0
54.0,54.0,55.0,B14,B,F,90.0,84.0,87.0,94.0,84.0,94.0,81.0,84.0,93.0,96.0,82.0,86.0,96.0,83.0,83.0,76.0,84.0,91.0,89.0,81.0,88.0,97.0,74.0,88.0,77.0,68.0,79.0,88.0,79.0,46.0,88.0,74.0,96.0,76.0,83.0,80.0,86.0,92.0,95.0,83.0,85.0,93.0,95.0,96.0,93.0,89.0,94.0,95.0,80.0,78.0,85.0,91.0,89.0,97.0,88.0
55.0,55.0,56.0,B15,B,F,86.0,98.0,88.0,91.0,88.0,89.0,86.0,89.0,97.0,96.0,90.0,94.0,97.0,91.0,90.0,83.0,88.0,90.0,96.0,85.0,92.0,87.0,68.0,86.0,84.0,85.0,89.0,94.0,86.0,64.0,87.0,84.0,93.0,81.0,90.0,77.0,86.0,91.0,96.0,98.0,82.0,93.0,88.0,90.0,95.0,87.0,85.0,93.0,64.0,59.0,85.0,92.0,93.0,97.0,93.0
56.0,56.0,57.0,B16,B,F,90.0,87.0,90.0,96.0,81.0,91.0,86.0,84.0,92.0,93.0,95.0,94.0,94.0,95.0,90.0,85.0,97.0,92.0,89.0,91.0,93.0,87.0,89.0,91.0,83.0,97.0,87.0,97.0,90.0,76.0,92.0,90.0,92.0,85.0,89.0,93.0,81.0,87.0,94.0,99.0,83.0,91.0,89.0,84.0,92.0,84.0,93.0,90.0,81.0,84.0,83.0,89.0,95.0,96.0,92.0
57.0,57.0,58.0,B17,B,F,89.0,54.0,34.0,83.0,40.0,47.0,67.0,66.0,33.0,81.0,56.0,39.0,83.0,72.0,34.0,59.0,51.0,28.5,87.0,35.0,30.0,94.0,24.0,29.0,72.0,6.0,26.0,54.0,71.0,1.0,21.0,52.0,88.0,8.0,40.0,54.0,73.0,96.0,98.0,60.0,81.0,88.0,89.0,91.0,92.0,81.0,99.0,93.0,83.0,86.0,79.0,93.0,96.0,91.0,83.0
58.0,58.0,59.0,B18,B,F,89.0,93.0,78.0,90.0,98.0,84.0,85.0,98.0,84.0,91.0,92.0,84.0,89.0,92.0,70.0,78.5,89.0,87.5,90.0,92.0,79.0,90.0,91.0,80.0,86.0,95.0,91.0,99.0,89.0,92.0,68.0,87.0,80.0,85.0,73.0,94.0,79.0,84.0,88.0,93.0,85.0,80.0,79.0,79.0,77.0,76.0,89.0,89.0,90.0,91.0,75.0,76.0,88.0,94.0,70.0
59.0,59.0,60.0,B19,B,M,87.0,100.0,90.0,89.0,97.0,86.0,90.0,95.0,92.0,90.0,95.0,94.0,89.0,93.0,92.0,79.0,98.0,90.0,90.0,90.0,90.0,83.0,83.0,90.0,81.0,93.0,92.0,97.0,86.0,82.0,89.0,93.0,92.0,86.0,86.0,97.0,77.0,88.0,90.0,95.0,78.0,95.0,89.0,94.0,88.0,81.0,92.0,88.0,95.0,90.0,79.0,85.0,91.0,90.0,83.0
60.0,60.0,61.0,B20,B,M,86.0,100.0,93.0,89.0,88.0,90.0,77.0,97.0,93.0,90.0,98.0,91.0,93.0,95.0,89.0,79.0,92.0,90.0,89.0,96.0,91.0,83.0,90.0,86.0,80.0,95.0,82.0,96.0,87.0,93.0,87.0,87.0,93.0,90.0,84.0,91.0,78.0,97.0,90.0,95.0,82.0,89.0,82.0,91.0,88.0,77.0,82.0,86.0,97.0,93.0,75.0,75.0,94.0,89.0,80.0
61.0,61.0,62.0,B21,B,M,92.0,100.0,86.0,94.0,93.0,97.0,88.0,97.0,97.0,89.0,100.0,96.0,91.0,95.0,98.0,89.0,100.0,97.0,81.0,87.0,98.0,81.0,92.0,97.0,87.0,100.0,95.0,98.0,89.0,96.0,96.0,95.0,82.0,94.0,98.0,95.0,81.0,95.0,75.0,94.0,75.0,90.0,76.0,93.0,95.0,79.0,91.0,82.0,95.0,97.0,79.0,91.0,81.0,92.0,90.0
62.0,62.0,63.0,B22,B,M,81.0,92.0,88.0,87.0,85.0,88.0,79.0,92.0,90.0,89.0,89.0,87.0,83.0,96.0,89.0,73.0,91.0,90.5,87.0,84.0,87.0,84.0,79.0,84.0,72.0,72.0,81.0,86.0,84.0,66.0,81.0,74.0,84.0,80.0,84.0,82.0,77.0,82.0,93.0,90.0,83.0,85.0,87.0,90.0,88.0,83.0,91.0,94.0,83.0,77.0,75.0,86.0,95.0,97.0,78.0
63.0,63.0,64.0,B23,B,M,80.0,98.0,95.0,88.0,93.0,98.0,91.0,96.0,100.0,70.0,95.0,98.0,67.0,93.0,96.0,92.0,100.0,97.5,76.0,95.0,92.0,81.0,94.0,95.0,87.0,98.0,92.0,98.0,91.0,94.0,96.0,97.0,82.0,91.0,97.0,93.0,54.0,92.0,79.0,97.0,77.0,93.0,69.0,83.0,82.0,74.0,92.0,71.0,96.0,90.0,72.0,85.0,80.0,86.0,87.0
64.0,64.0,65.0,B24,B,M,87.0,98.0,93.0,90.0,97.0,93.0,83.0,94.0,96.0,87.0,92.0,98.0,81.0,88.0,93.0,85.0,99.0,95.5,80.0,93.0,94.0,89.0,83.0,97.0,90.0,95.0,94.0,98.0,87.0,84.0,94.0,93.0,87.0,91.0,93.0,97.0,76.0,88.0,90.0,100.0,77.0,85.0,74.0,89.0,72.0,82.0,85.0,87.0,98.0,97.0,80.0,85.0,89.0,90.0,90.0
65.0,65.0,66.0,B25,B,M,84.0,98.0,92.0,82.0,91.0,92.0,83.0,93.0,90.0,80.0,91.0,96.0,90.0,93.0,93.0,84.0,94.0,94.5,87.0,93.0,96.0,82.0,80.0,92.0,87.0,90.0,92.0,92.0,90.0,85.0,95.0,88.0,81.0,89.0,93.0,87.0,72.0,79.0,91.0,97.0,80.0,79.0,85.0,80.0,77.0,81.0,83.0,89.0,89.0,92.0,77.0,77.0,84.0,87.0,72.0
66.0,66.0,67.0,B26,B,M,89.0,93.0,91.0,90.0,90.0,86.0,88.0,94.0,91.0,79.0,90.0,89.0,84.0,92.0,94.0,83.0,97.0,89.5,90.0,88.0,95.0,86.0,93.0,94.0,85.0,97.0,94.0,100.0,87.0,96.0,95.0,89.0,87.0,89.0,95.0,96.0,77.0,92.0,95.0,98.0,75.0,85.0,86.0,89.0,85.0,73.0,90.0,89.0,92.0,92.0,77.0,88.0,89.0,86.0,80.0
67.0,67.0,68.0,B27,B,M,87.0,99.0,88.0,91.0,93.0,91.0,82.0,96.0,86.0,92.0,94.0,92.0,92.0,91.0,88.0,82.0,97.0,91.5,86.0,91.0,91.0,90.0,84.0,91.0,85.0,86.0,86.0,92.0,83.0,84.0,90.0,80.0,86.0,85.0,89.0,89.0,78.0,92.0,96.0,90.0,87.0,96.0,92.0,97.0,95.0,79.0,100.0,94.0,94.0,82.0,81.0,95.0,95.0,100.0,95.0
68.0,68.0,69.0,B28,B,M,86.0,100.0,91.0,89.0,97.0,97.0,83.0,98.0,92.0,83.0,97.0,95.0,90.0,93.0,95.0,83.0,100.0,94.5,88.0,93.0,94.0,84.0,88.0,93.0,79.0,90.0,86.0,93.0,90.0,84.0,91.0,91.0,86.0,87.0,89.0,97.0,73.0,94.0,95.0,93.0,85.0,91.0,78.0,79.0,70.0,81.0,89.0,89.0,95.0,82.0,75.0,91.0,92.0,92.0,85.0
69.0,69.0,70.0,B29,B,M,88.0,100.0,89.0,83.0,99.0,94.0,82.0,97.0,91.0,92.0,98.0,97.0,84.0,95.0,92.0,78.0,96.0,93.5,90.0,94.0,93.0,83.0,81.0,96.0,83.0,95.0,89.0,97.0,89.0,88.0,97.0,93.0,86.0,76.0,91.0,96.0,74.0,98.0,85.0,97.0,86.0,90.0,73.0,82.0,80.0,77.0,93.0,88.0,84.0,92.0,79.0,90.0,86.0,93.0,83.0
70.0,70.0,71.0,B30,B,M,88.0,100.0,87.0,90.0,96.0,87.0,74.0,92.0,88.0,90.0,93.0,87.0,91.0,93.0,80.0,80.0,97.0,85.5,87.0,94.0,85.0,91.0,98.0,86.0,79.0,91.0,75.0,96.0,87.0,89.0,74.0,88.0,79.0,89.0,77.0,91.0,77.0,94.0,94.0,96.0,84.0,91.0,84.0,87.0,82.0,82.0,91.0,95.0,93.0,94.0,82.0,86.0,94.0,97.0,90.0
71.0,71.0,72.0,B31,B,M,88.0,97.0,90.0,94.0,93.0,91.0,73.0,93.0,93.0,89.0,95.0,92.0,93.0,95.0,86.0,80.0,93.0,95.5,76.0,93.0,88.0,91.0,83.0,93.0,81.0,92.0,88.0,94.0,89.0,88.0,95.0,88.0,88.0,85.0,95.0,90.0,78.0,91.0,94.0,93.0,85.0,95.0,87.0,88.0,83.0,81.0,95.0,93.0,94.0,93.0,80.0,91.0,96.0,96.0,88.0
72.0,72.0,73.0,B32,B,M,94.0,86.0,73.0,93.0,89.0,79.0,76.0,90.0,79.0,91.0,87.0,80.0,94.0,91.0,70.0,76.0,93.0,75.5,93.0,86.0,62.0,88.0,77.0,76.0,75.0,91.0,68.0,84.0,81.0,85.0,79.0,78.0,91.0,74.0,74.0,81.0,78.0,90.0,96.0,90.0,84.0,83.0,85.0,82.0,92.0,81.0,90.0,96.0,87.0,86.0,83.0,91.0,92.0,94.0,93.0
73.0,73.0,74.0,B33,B,M,77.0,93.0,81.0,93.0,94.0,82.0,83.0,85.0,87.0,87.0,94.0,94.0,82.0,88.0,77.0,80.0,81.0,84.0,92.0,91.0,92.0,89.0,86.0,88.0,80.0,93.0,80.0,96.0,87.0,84.0,77.0,84.0,79.0,78.0,75.0,93.0,77.0,92.0,97.0,95.0,81.0,97.0,91.0,83.0,83.0,76.0,92.0,94.0,85.0,89.0,85.0,87.0,95.0,96.0,95.0
74.0,74.0,75.0,B34,B,M,78.0,84.0,83.0,74.0,84.0,91.0,76.0,81.0,81.0,80.0,82.0,85.0,74.0,83.0,81.0,68.0,76.0,85.0,81.0,83.0,85.0,82.0,81.0,82.0,77.0,92.0,84.0,80.0,79.0,70.0,87.0,74.0,81.0,73.0,87.0,81.0,71.0,89.0,85.0,84.0,79.0,90.0,77.0,81.0,85.0,72.0,85.0,85.0,77.0,82.0,68.0,81.0,91.0,96.0,87.0
83.0,83.0,84.0,C01,C,F,82.0,92.0,93.0,92.0,90.0,89.0,72.0,86.0,94.0,97.0,93.0,94.0,93.0,90.0,89.0,75.0,92.0,87.0,90.0,88.0,89.0,96.0,86.0,88.0,79.0,84.0,87.0,96.0,84.0,92.0,94.0,90.0,87.0,90.0,91.0,90.0,78.0,88.0,95.0,94.0,79.0,87.0,90.0,98.0,93.0,83.0,95.0,92.0,86.0,85.0,82.0,97.0,95.0,97.0,93.0
84.0,84.0,85.0,C02,C,F,93.0,100.0,94.0,91.0,94.0,100.0,78.0,100.0,97.0,82.0,95.0,97.0,90.0,100.0,97.0,85.0,97.0,97.0,87.0,96.0,97.0,81.0,97.0,97.0,84.0,100.0,95.0,99.0,84.0,97.0,99.0,98.0,83.0,94.0,93.0,98.0,75.0,82.0,92.0,96.0,79.0,79.0,85.0,78.0,58.0,78.0,82.0,92.0,91.0,96.0,77.0,77.0,90.0,88.0,82.0
85.0,85.0,86.0,C03,C,F,79.0,92.0,92.0,91.0,92.0,95.0,84.0,88.0,92.0,83.0,83.0,93.0,88.0,92.0,96.0,83.0,86.0,95.5,84.0,96.0,92.0,82.0,86.0,92.0,86.0,89.0,93.0,94.0,83.0,75.0,93.0,82.0,87.0,85.0,92.0,84.0,81.0,96.0,96.0,95.0,81.0,95.0,84.0,94.0,95.0,88.0,97.0,92.0,78.0,78.0,81.0,97.0,95.0,99.0,95.0
86.0,86.0,87.0,C04,C,F,87.0,80.0,91.0,89.0,100.0,87.0,82.0,97.0,86.0,79.0,93.0,93.0,82.0,93.0,94.0,75.0,91.0,91.0,90.0,94.0,92.0,79.0,91.0,90.0,82.0,96.0,85.0,92.0,87.0,86.0,92.0,77.0,81.0,77.0,88.0,89.0,73.0,92.0,89.0,96.0,80.0,82.0,79.0,79.0,55.0,79.0,88.0,90.0,89.0,83.0,77.0,82.0,90.0,80.0,75.0
87.0,87.0,88.0,C05,C,F,88.0,95.0,94.0,91.0,99.0,97.0,81.0,97.0,93.0,83.0,98.0,100.0,88.0,90.0,90.0,85.0,98.0,95.5,91.0,96.0,97.0,84.0,95.0,96.0,81.0,95.0,87.0,93.0,85.0,90.0,98.0,98.0,83.0,90.0,93.0,91.0,81.0,95.0,93.0,98.0,83.0,93.0,83.0,82.0,83.0,78.0,95.0,88.0,89.0,90.0,79.0,89.0,91.0,94.0,95.0
88.0,88.0,89.0,C06,C,F,88.0,95.0,97.0,86.0,97.0,100.0,85.0,94.0,98.0,92.0,94.0,99.0,89.0,94.0,97.0,83.0,94.0,96.0,90.0,96.0,96.0,84.0,88.0,98.0,83.0,97.0,88.0,92.0,79.0,96.0,100.0,90.0,81.0,89.0,97.0,96.0,74.0,94.0,97.0,98.0,84.0,97.0,85.0,97.0,93.0,80.0,99.0,91.0,89.0,89.0,85.0,93.0,96.0,98.0,90.0
89.0,89.0,90.0,C07,C,F,88.0,95.0,94.0,90.0,88.0,98.0,80.0,96.0,95.0,92.0,89.0,94.0,94.0,95.0,89.0,84.0,92.0,95.0,91.0,91.0,93.0,90.0,93.0,97.0,87.0,92.0,82.0,96.0,86.0,85.0,92.0,90.0,90.0,87.0,92.0,93.0,75.0,90.0,92.0,96.0,79.0,95.0,86.0,84.0,88.0,78.0,92.0,93.0,91.0,96.0,80.0,95.0,92.0,97.0,88.0
90.0,90.0,91.0,C08,C,F,97.0,97.0,90.0,90.0,88.0,91.0,84.0,93.0,90.0,84.0,87.0,92.0,86.0,96.0,90.0,79.0,86.0,91.5,83.0,90.0,90.0,86.0,94.0,93.0,80.0,87.0,91.0,94.0,81.0,98.0,95.0,92.0,73.0,90.0,90.0,92.0,82.0,93.0,89.0,97.0,81.0,85.0,77.0,82.0,93.0,83.0,89.0,90.0,86.0,95.0,76.0,91.0,90.0,90.0,90.0
91.0,91.0,92.0,C09,C,F,91.0,82.0,82.0,80.0,80.0,82.0,75.0,85.0,84.0,79.0,96.0,79.0,72.0,90.0,73.0,70.0,95.0,83.5,84.0,81.0,91.0,66.0,87.0,87.0,81.0,88.0,82.0,87.0,79.0,84.0,88.0,79.0,59.0,79.0,84.0,82.0,63.0,66.0,82.0,95.0,74.0,67.0,70.0,83.0,53.0,70.0,77.0,77.0,93.0,88.0,55.0,67.0,79.0,69.0,60.0
92.0,92.0,93.0,C10,C,F,78.0,81.0,89.0,79.0,85.0,83.0,78.0,81.0,89.0,82.0,94.0,90.0,82.0,89.0,86.0,80.0,98.0,92.0,81.0,85.0,87.0,80.0,88.0,89.0,84.0,93.0,85.0,94.0,84.0,83.0,79.0,87.0,78.0,88.0,85.0,90.0,74.0,87.0,91.0,98.0,72.0,87.0,85.0,83.0,75.0,76.0,87.0,86.0,90.0,87.0,80.0,85.0,90.0,90.0,92.0
93.0,93.0,94.0,C11,C,F,83.0,87.0,85.0,82.0,79.0,88.0,79.0,87.0,87.0,82.0,87.0,90.0,88.0,77.0,87.0,72.0,79.0,81.5,83.0,88.0,85.0,77.0,80.0,83.0,73.0,91.0,84.0,89.0,78.0,71.0,77.0,75.0,82.0,77.0,84.0,83.0,75.0,77.0,89.0,94.0,79.0,85.0,80.0,91.0,75.0,81.0,93.0,89.0,80.0,84.0,77.0,95.0,92.0,86.0,88.0
94.0,94.0,95.0,C12,C,F,93.0,93.0,92.0,84.0,87.0,95.0,87.0,87.0,95.0,80.0,92.0,92.0,78.0,95.0,93.0,78.0,87.0,95.5,86.0,94.0,92.0,67.0,90.0,91.0,85.0,97.0,86.0,92.0,90.0,84.0,92.0,88.0,74.0,88.0,92.0,100.0,65.0,84.0,86.0,99.0,71.0,76.0,63.0,73.0,68.0,76.0,75.0,73.0,90.0,86.0,55.0,83.0,83.0,81.0,65.0
95.0,95.0,96.0,C13,C,F,88.0,84.0,83.0,87.0,75.0,87.0,81.0,83.0,86.0,83.0,97.0,93.0,78.0,86.0,76.0,81.0,86.0,84.0,83.0,93.0,79.0,82.0,80.0,85.0,72.0,90.0,78.0,80.0,77.0,69.0,68.0,74.0,72.0,73.0,70.0,71.0,66.0,82.0,91.0,93.0,81.0,69.0,82.0,74.0,75.0,69.0,75.0,88.0,68.0,75.0,65.0,72.0,89.0,81.0,77.0
96.0,96.0,97.0,C14,C,F,76.0,82.0,87.0,68.0,80.0,86.0,74.0,84.0,83.0,80.0,76.0,90.0,86.0,81.0,82.0,77.0,77.0,94.0,73.0,90.0,95.0,76.0,80.0,94.0,83.0,81.0,87.0,89.0,77.0,76.0,94.0,83.0,82.0,73.0,87.0,80.0,77.0,96.0,97.0,94.0,79.0,85.0,85.0,86.0,80.0,79.0,89.0,94.0,80.0,85.0,74.0,85.0,91.0,96.0,90.0
97.0,97.0,98.0,C15,C,M,88.0,100.0,90.0,97.0,96.0,92.0,79.0,90.0,86.0,82.0,100.0,98.0,96.0,100.0,84.0,77.0,100.0,93.5,89.0,95.0,96.0,92.0,93.0,92.0,85.0,100.0,88.0,97.0,84.0,97.0,91.0,98.0,83.0,95.0,91.0,96.0,78.0,85.0,92.0,96.0,84.0,95.0,85.0,89.0,75.0,86.0,92.0,89.0,94.0,98.0,81.0,84.0,86.0,96.0,87.0
98.0,98.0,99.0,C16,C,M,74.0,100.0,87.0,77.0,94.0,92.0,77.0,94.0,91.0,71.0,98.0,96.0,82.0,97.0,95.0,87.0,96.0,91.0,79.0,95.0,96.0,78.0,100.0,94.0,80.0,91.0,93.0,98.0,84.0,98.0,95.0,96.0,67.0,96.0,92.0,94.0,64.0,78.0,70.0,97.0,68.0,63.0,59.0,74.0,62.0,70.0,82.0,62.0,89.0,97.0,63.0,75.0,80.0,82.0,77.0
99.0,99.0,100.0,C17,C,M,80.0,95.0,87.0,78.0,86.0,85.0,71.0,85.0,86.0,80.0,96.0,90.0,81.0,90.0,82.0,78.0,98.0,90.5,76.0,88.0,91.0,77.0,90.0,90.0,89.0,91.0,88.0,96.0,82.0,90.0,91.0,91.0,67.0,91.0,80.0,97.0,66.0,68.0,72.0,100.0,70.0,71.0,53.0,63.0,55.0,79.0,87.0,87.0,90.0,90.0,71.0,69.0,74.0,62.0,62.0
100.0,100.0,101.0,C18,C,M,83.0,95.0,97.0,86.0,94.0,96.0,77.0,90.0,95.0,92.0,98.0,95.0,94.0,98.0,98.0,88.0,94.0,94.0,89.0,93.0,95.0,89.0,91.0,95.0,82.0,94.0,93.0,95.0,85.0,98.0,99.0,94.0,88.0,93.0,90.0,99.0,74.0,89.0,94.0,99.0,80.0,89.0,82.0,92.0,92.0,80.0,88.0,95.0,91.0,96.0,83.0,85.0,96.0,92.0,92.0
101.0,101.0,102.0,C19,C,M,83.0,84.0,93.0,89.0,84.0,94.0,81.0,90.0,96.0,89.0,94.0,96.0,88.0,92.0,90.0,85.0,88.0,94.5,86.0,90.0,92.0,80.0,76.0,92.0,68.0,81.0,87.0,91.0,85.0,86.0,91.0,77.0,83.0,81.0,85.0,82.0,81.0,93.0,98.0,94.0,85.0,91.0,91.0,97.0,90.0,84.0,91.0,93.0,79.0,79.0,80.0,91.0,96.0,96.0,87.0
102.0,102.0,103.0,C20,C,M,77.0,93.0,95.0,86.0,95.0,93.0,73.0,90.0,91.0,81.0,98.0,96.0,80.0,94.0,91.0,84.0,95.0,94.0,83.0,91.0,96.0,77.0,94.0,93.0,87.0,93.0,93.0,93.0,84.0,96.0,93.0,87.0,87.0,88.0,92.0,96.0,73.0,86.0,45.0,97.0,74.0,67.0,61.0,80.0,80.0,83.0,91.0,66.0,89.0,97.0,79.0,81.0,69.0,73.0,78.0
103.0,103.0,104.0,C21,C,M,88.0,71.0,94.0,90.0,88.0,89.0,77.0,83.0,93.0,87.0,78.0,94.0,88.0,82.0,87.0,78.0,75.0,86.5,81.0,81.0,95.0,82.0,76.0,93.0,70.0,83.0,84.0,84.0,84.0,79.0,89.0,77.0,89.0,82.0,91.0,82.0,72.0,76.0,80.0,89.0,83.0,62.0,79.0,81.0,77.0,79.0,79.0,86.0,68.0,69.0,75.0,71.0,94.0,82.0,80.0
104.0,104.0,105.0,C22,C,M,88.0,92.0,89.0,90.0,99.0,93.0,81.0,88.0,83.0,90.0,90.0,89.0,91.0,87.0,90.0,84.0,91.0,94.5,86.0,92.0,89.0,86.0,82.0,93.0,81.0,95.0,85.0,89.0,81.0,87.0,90.0,89.0,83.0,86.0,89.0,97.0,76.0,93.0,94.0,96.0,80.0,77.0,84.0,83.0,93.0,83.0,91.0,94.0,86.0,93.0,79.0,86.0,96.0,90.0,87.0
107.0,107.0,108.0,C25,C,M,83.0,92.0,91.0,87.0,88.0,94.0,83.0,96.0,96.0,87.0,95.0,92.0,77.0,95.0,98.0,69.0,96.0,97.5,80.0,91.0,97.0,74.0,86.0,95.0,84.0,100.0,94.0,94.0,84.0,97.0,98.0,96.0,83.0,95.0,94.0,98.0,69.0,72.0,86.0,99.0,79.0,69.0,81.0,76.0,82.0,79.0,87.0,80.0,98.0,94.0,69.0,71.0,85.0,61.0,63.0
108.0,108.0,109.0,C26,C,M,88.0,88.0,88.0,89.0,93.0,92.0,87.0,98.0,99.0,84.0,97.0,94.0,81.0,96.0,93.0,85.0,95.0,96.0,87.0,92.0,95.0,74.0,89.0,92.0,83.0,87.0,90.0,92.0,82.0,84.0,98.0,84.0,88.0,93.0,93.0,97.0,72.0,82.0,79.0,92.0,81.0,67.0,76.0,82.0,82.0,85.0,81.0,82.0,97.0,96.0,72.0,83.0,84.0,83.0,83.0
109.0,109.0,110.0,C27,C,M,83.0,100.0,87.0,90.0,93.0,87.0,73.0,92.0,86.0,89.0,79.0,86.0,82.0,96.0,87.0,82.0,96.0,90.0,83.0,88.0,86.0,79.0,82.0,88.0,88.0,88.0,84.0,92.0,83.0,84.0,84.0,88.0,93.0,82.0,81.0,97.0,74.0,92.0,97.0,94.0,79.0,85.0,87.0,79.0,80.0,83.0,89.0,91.0,86.0,93.0,85.0,87.0,94.0,92.0,85.0
110.0,110.0,111.0,C28,C,M,87.0,80.0,83.0,93.0,82.0,84.0,77.0,87.5,86.0,87.0,82.0,83.0,74.0,86.0,75.0,68.0,83.0,81.5,84.0,80.0,78.0,74.0,74.0,81.0,69.0,89.0,75.0,77.0,72.0,73.0,82.0,79.0,82.0,54.0,68.0,76.0,73.0,72.0,80.0,89.0,77.0,65.0,62.0,66.0,73.0,73.0,65.0,71.0,78.0,77.0,75.0,71.0,82.0,60.0,78.0
111.0,111.0,112.0,C29,C,M,78.0,84.0,91.0,82.0,82.0,82.0,73.0,90.0,87.0,79.0,68.0,88.0,81.0,80.0,83.0,66.0,89.0,89.0,81.0,90.0,87.0,82.0,69.0,80.0,82.0,86.0,86.0,83.0,77.0,86.0,89.0,83.0,71.0,84.0,79.0,76.0,68.0,64.0,38.0,95.0,73.0,50.0,37.0,39.0,47.0,72.0,65.0,31.0,90.0,91.0,77.0,83.0,89.0,88.0,83.0
112.0,112.0,113.0,C30,C,M,86.0,80.0,88.0,90.0,83.0,87.0,67.0,87.0,81.0,88.0,69.0,85.0,87.0,87.0,80.0,81.0,83.0,91.0,82.0,76.0,85.0,74.0,79.0,88.0,82.0,81.0,83.0,92.0,80.0,83.0,89.0,79.0,79.0,85.0,82.0,82.0,70.0,46.0,62.0,90.0,71.0,39.0,45.0,50.0,50.0,77.0,59.0,55.0,89.0,83.0,71.0,57.0,57.0,47.0,52.0
113.0,113.0,114.0,C31,C,M,84.0,84.0,86.0,86.0,79.0,88.0,75.0,91.0,75.0,88.0,80.0,93.0,89.0,89.0,75.0,70.0,83.0,85.0,88.0,88.0,83.0,71.0,78.0,84.0,70.0,85.0,74.0,80.0,71.0,76.0,85.0,77.0,76.0,81.0,73.0,69.0,69.0,72.0,75.0,89.0,71.0,48.0,63.0,62.0,67.0,81.0,79.0,77.0,79.0,74.0,77.0,55.0,76.0,72.0,68.0
114.0,114.0,115.0,C32,C,M,80.0,83.0,83.0,86.0,79.0,93.0,66.0,88.0,91.0,93.0,84.0,94.0,90.0,85.0,91.0,80.0,87.0,96.5,83.0,90.0,94.0,83.0,83.0,95.0,81.0,84.0,88.0,86.0,78.0,70.0,94.0,73.0,83.0,77.0,82.0,68.0,78.0,91.0,92.0,84.0,75.0,82.0,77.0,78.0,75.0,78.0,85.0,90.0,72.0,85.0,82.0,82.0,92.0,90.0,90.0
115.0,115.0,116.0,C33,C,M,73.0,86.0,88.0,80.0,93.0,87.0,77.0,88.0,89.0,81.0,85.0,85.0,98.0,91.0,94.0,82.0,90.0,96.0,88.0,89.0,91.0,86.0,76.0,88.0,79.0,90.0,90.0,90.0,84.0,92.0,92.0,89.0,82.0,80.0,84.0,82.0,72.0,86.0,90.0,96.0,77.0,86.0,87.0,80.0,87.0,75.0,91.0,90.0,96.0,90.0,78.0,89.0,92.0,89.0,83.0
116.0,116.0,117.0,C34,C,F,81.0,86.0,91.0,82.0,85.0,95.0,83.0,93.0,90.0,79.0,91.0,97.0,84.0,91.0,89.0,86.0,92.0,91.5,78.0,92.0,90.0,72.0,87.0,94.0,83.0,88.0,83.0,97.0,83.0,84.0,92.0,86.0,80.0,86.0,93.0,89.0,71.0,85.0,81.0,97.0,79.0,78.0,71.0,86.0,88.0,74.0,88.0,85.0,94.0,84.0,76.0,81.0,89.0,93.0,88.0
117.0,117.0,118.0,C35,C,F,84.0,73.0,77.0,86.0,81.0,74.0,66.0,72.0,62.0,90.0,81.0,70.0,88.0,78.0,68.0,65.0,80.0,66.0,83.0,80.0,73.0,84.0,68.0,69.0,76.0,80.0,62.0,82.0,71.0,72.0,66.0,73.0,82.0,79.0,63.0,77.0,74.0,88.0,85.0,86.0,83.0,97.0,86.0,94.0,93.0,79.0,97.0,95.0,72.0,72.0,77.0,80.0,91.0,91.0,92.0
118.0,118.0,119.0,C36,C,F,84.0,68.0,78.0,86.0,68.0,75.0,74.0,74.0,68.0,83.0,88.0,82.0,79.0,90.0,63.0,77.0,76.0,70.5,79.0,78.0,78.0,74.0,83.0,68.0,71.0,70.0,73.0,74.0,77.0,70.0,61.0,66.0,82.0,73.0,70.0,46.0,72.0,62.0,82.0,69.0,75.0,69.0,79.0,82.0,85.0,73.0,83.0,83.0,83.0,86.0,67.0,75.0,85.0,86.0,78.0
119.0,119.0,120.0,C37,C,F,83.0,86.0,85.0,93.0,86.0,85.0,93.0,100.0,91.0,83.0,97.0,95.0,83.0,96.0,92.0,79.0,96.0,95.0,88.0,82.0,92.0,82.0,94.0,94.0,84.0,91.0,93.0,92.0,87.0,86.0,91.0,83.0,87.0,88.0,92.0,86.0,79.0,74.0,78.0,93.0,84.0,67.0,75.0,82.0,75.0,79.0,77.0,77.0,91.0,91.0,80.0,76.0,74.0,88.0,77.0
120.0,120.0,121.0,D01,D,F,81.0,85.0,85.0,89.0,98.0,82.0,83.0,94.0,89.0,78.0,97.0,92.0,71.0,97.0,88.0,83.0,98.0,92.5,78.0,93.0,90.0,76.0,97.0,90.0,75.0,95.0,86.0,100.0,85.0,93.0,94.0,90.0,77.0,85.0,86.0,87.0,67.0,60.0,82.0,94.0,65.0,45.0,69.0,77.0,72.0,75.0,75.0,77.0,93.0,97.0,68.0,73.0,79.0,63.0,53.0
121.0,121.0,122.0,D02,D,F,80.0,95.0,62.0,84.0,93.0,70.0,63.0,80.0,70.0,87.0,92.0,71.0,79.0,92.0,55.0,68.0,92.0,55.5,71.0,84.0,51.0,81.0,88.0,56.0,68.0,91.0,52.0,86.0,83.0,80.0,48.0,70.0,72.0,87.0,51.0,75.0,71.0,88.0,74.0,86.0,75.0,79.0,74.0,86.0,92.0,69.0,87.0,75.0,60.0,84.0,69.0,82.0,79.0,93.0,83.0
122.0,122.0,123.0,D03,D,F,67.0,95.0,90.0,71.0,92.0,91.0,78.0,90.0,96.0,76.0,93.0,90.0,76.0,89.0,88.0,76.0,87.0,89.0,79.0,87.0,90.0,72.0,73.0,88.0,90.0,84.0,79.0,96.0,86.0,75.0,90.0,90.0,72.0,75.0,89.0,70.0,73.0,78.0,62.0,88.0,70.0,61.0,52.0,66.0,73.0,69.0,84.0,51.0,70.0,86.0,67.0,74.0,73.0,63.0,68.0
123.0,123.0,124.0,D04,D,F,66.0,98.0,92.0,62.0,88.0,95.0,81.0,91.0,94.0,71.0,93.0,92.0,66.0,96.0,90.0,81.0,90.0,96.0,70.0,90.0,94.0,58.0,90.0,91.0,88.0,97.0,85.0,91.0,83.0,86.0,92.0,90.0,63.0,82.0,91.0,86.0,58.0,78.0,42.0,97.0,60.0,51.0,48.0,60.0,68.0,62.0,74.0,55.0,89.0,89.0,54.0,69.0,51.0,69.0,62.0
124.0,124.0,125.0,D05,D,F,77.0,94.0,86.0,69.0,92.0,96.0,76.0,88.0,92.0,69.0,90.0,92.0,73.0,93.0,86.0,75.0,89.0,93.5,79.0,88.0,88.0,68.0,93.0,93.0,81.0,79.0,82.0,89.0,86.0,80.0,89.0,82.0,63.0,85.0,92.0,72.0,61.0,79.0,65.0,92.0,67.0,70.0,61.0,62.0,75.0,67.0,74.0,65.0,87.0,91.0,64.0,71.0,67.0,56.0,68.0
126.0,126.0,127.0,D07,D,F,80.0,80.0,88.0,79.0,89.0,89.0,73.0,81.0,87.0,74.0,87.0,90.0,78.0,91.0,84.0,79.0,87.0,91.5,84.0,84.0,86.0,68.0,82.0,83.0,78.0,81.0,80.0,87.0,86.0,74.0,88.0,83.0,77.0,74.0,86.0,63.0,62.0,86.0,60.0,90.0,75.0,60.0,59.0,67.0,88.0,80.0,79.0,64.0,74.0,83.0,66.0,75.0,72.0,81.0,73.0
127.0,127.0,128.0,D08,D,F,83.0,93.0,80.0,83.0,86.0,80.0,80.0,87.5,76.0,93.0,70.0,78.0,82.0,85.0,70.0,79.0,97.0,82.0,87.0,80.0,81.0,77.0,85.0,83.0,75.0,82.0,71.0,92.0,82.0,65.0,79.0,78.0,89.0,74.0,87.0,64.0,72.0,92.0,89.0,88.0,79.0,87.0,84.0,84.0,85.0,73.0,92.0,92.0,64.0,81.0,77.0,93.0,93.0,94.0,95.0
128.0,128.0,129.0,D09,D,F,83.0,100.0,78.0,86.0,93.0,85.0,74.0,90.0,92.0,89.0,97.0,93.0,91.0,93.0,79.0,77.0,95.0,83.5,88.0,85.0,85.0,84.0,81.0,82.0,76.0,91.0,78.0,82.0,83.0,81.0,78.0,85.0,87.0,85.0,83.0,83.0,78.0,92.0,90.0,93.0,83.0,82.0,83.0,79.0,87.0,85.0,89.0,91.0,75.0,88.0,82.0,85.0,97.0,91.0,85.0
130.0,130.0,131.0,D11,D,F,86.0,92.0,92.0,80.0,90.0,95.0,82.0,88.0,92.0,91.0,94.0,97.0,93.0,94.0,92.0,86.0,92.0,94.5,86.0,88.0,93.0,88.0,83.0,97.0,89.0,98.0,92.0,91.0,82.0,86.0,96.0,87.0,83.0,83.0,93.0,87.0,72.0,67.0,92.0,88.0,84.0,75.0,76.0,84.0,75.0,81.0,89.0,86.0,86.0,94.0,76.0,85.0,87.0,84.0,83.0
131.0,131.0,132.0,D12,D,F,87.0,85.0,88.0,86.0,85.0,88.0,76.0,79.0,85.0,87.0,84.0,88.0,84.0,72.0,74.0,81.0,83.0,86.0,88.0,78.0,82.0,89.0,75.0,82.0,81.0,76.0,69.0,83.0,82.0,60.0,74.0,75.0,74.0,69.0,79.0,65.0,75.0,79.0,85.0,71.0,73.0,70.0,70.0,80.0,73.0,82.0,83.0,86.0,60.0,76.0,74.0,81.0,83.0,86.0,85.0
132.0,132.0,133.0,D13,D,F,79.0,69.0,60.0,83.0,68.0,57.0,74.0,70.0,57.0,87.0,77.0,61.0,90.0,55.0,46.0,71.0,64.0,58.5,81.0,78.0,54.0,82.0,57.0,45.0,71.0,52.0,37.0,70.0,77.0,47.0,36.0,59.0,79.0,53.0,48.0,41.0,71.0,89.0,80.0,62.0,79.0,82.0,65.0,84.0,80.0,79.0,87.0,80.0,50.0,49.0,75.0,81.0,79.0,92.0,90.0
133.0,133.0,134.0,D14,D,F,78.0,68.0,72.0,90.0,64.0,71.0,74.0,74.0,62.0,92.0,75.0,62.0,82.0,60.0,52.0,76.0,67.0,56.0,82.0,66.0,60.0,90.0,60.0,58.0,76.0,57.0,49.0,55.0,81.0,55.0,51.0,46.0,77.0,54.0,60.0,30.0,79.0,81.0,84.0,58.0,73.0,68.0,68.0,80.0,75.0,77.0,85.0,81.0,57.0,56.0,79.0,73.0,86.0,90.0,85.0
134.0,134.0,135.0,D15,D,F,77.0,85.0,87.0,71.0,86.0,84.0,67.0,79.0,82.0,82.0,81.0,85.0,73.0,77.0,72.0,69.0,75.0,76.5,73.0,75.0,78.0,89.0,63.0,70.0,76.0,46.0,67.0,75.0,72.0,70.0,64.0,62.0,78.0,65.0,73.0,46.0,71.0,82.0,62.0,71.0,73.0,51.0,64.0,74.0,70.0,75.0,71.0,68.0,64.0,65.0,76.0,66.0,69.0,67.0,73.0
135.0,135.0,136.0,D16,D,F,84.0,81.0,76.0,87.0,86.0,77.0,74.0,82.0,88.0,89.0,91.0,87.0,81.0,93.0,77.0,77.0,90.0,85.5,83.0,84.0,82.0,79.0,80.0,89.0,89.0,81.0,86.0,88.0,80.0,83.0,91.0,78.0,81.0,81.0,88.0,82.0,75.0,58.0,75.0,92.0,74.0,65.0,63.0,54.0,70.0,73.0,81.0,68.0,87.0,91.0,75.0,76.0,72.0,68.0,73.0
136.0,136.0,137.0,D17,D,M,80.0,84.0,89.0,83.0,91.0,84.0,80.0,92.0,94.0,81.0,95.0,95.0,78.0,94.0,91.0,80.0,93.0,93.5,80.0,90.0,87.0,90.0,82.0,95.0,83.0,96.0,82.0,87.0,83.0,84.0,93.0,84.0,79.0,87.0,90.0,80.0,69.0,69.0,76.0,87.0,70.0,57.0,51.0,77.0,72.0,77.0,80.0,76.0,71.0,80.0,76.0,65.0,72.0,66.0,68.0
137.0,137.0,138.0,D18,D,M,81.0,89.0,82.0,86.0,79.0,77.0,74.0,96.0,77.0,82.0,88.0,82.0,87.0,85.0,75.0,74.0,91.0,82.5,84.0,84.0,84.0,89.0,86.0,84.0,78.0,87.0,79.0,98.0,84.0,86.0,81.0,88.0,80.0,84.0,73.0,91.0,81.0,82.0,88.0,95.0,79.0,87.0,69.0,80.0,80.0,80.0,88.0,88.0,87.0,96.0,79.0,75.0,86.0,91.0,90.0
138.0,138.0,139.0,D19,D,M,71.0,97.0,90.0,76.0,95.0,91.0,82.0,89.0,87.0,70.0,92.0,94.0,64.0,86.0,83.0,80.0,89.0,93.0,71.0,94.0,90.0,72.0,89.0,94.0,83.0,91.0,90.0,96.0,82.0,86.0,93.0,93.0,73.0,85.0,92.0,80.0,71.0,44.0,47.0,89.0,64.0,35.0,47.0,37.0,35.0,64.0,45.0,48.0,81.0,96.0,63.0,56.0,52.0,46.0,33.0
139.0,139.0,140.0,D21,D,M,82.0,81.0,78.0,77.0,82.0,84.0,72.0,87.0,78.0,80.0,80.0,86.0,74.0,79.0,78.0,75.0,83.0,80.5,74.0,77.0,82.0,76.0,73.0,83.0,73.0,75.0,80.0,84.0,77.0,62.0,77.0,72.0,83.0,61.0,80.0,64.0,70.0,89.0,82.0,87.0,73.0,86.0,78.0,88.0,92.0,79.0,87.0,82.0,73.0,81.0,79.0,89.0,89.0,92.0,85.0
140.0,140.0,141.0,D22,D,M,88.0,86.0,83.0,70.0,79.0,77.0,72.0,73.0,85.0,83.0,86.0,79.0,80.0,91.0,82.0,84.0,91.0,83.5,83.0,80.0,79.0,83.0,70.0,76.0,82.0,84.0,79.0,91.0,88.0,80.0,87.0,84.0,72.0,74.0,83.0,78.0,68.0,70.0,71.0,99.0,70.0,62.0,69.0,74.0,67.0,74.0,78.0,70.0,80.0,86.0,69.0,64.0,81.0,67.0,68.0
141.0,141.0,142.0,D23,D,M,82.0,78.0,80.0,86.0,81.0,80.0,77.0,87.5,86.0,87.0,77.0,83.0,86.0,87.0,78.0,74.0,77.0,81.5,77.0,63.0,72.0,84.0,67.0,75.0,72.0,60.0,76.0,79.0,83.0,54.0,77.0,72.0,81.0,60.0,75.0,62.0,70.0,77.0,85.0,73.0,75.0,66.0,79.0,80.0,80.0,68.0,83.0,86.0,61.0,55.0,79.0,80.0,84.0,92.0,80.0
142.0,142.0,143.0,D24,D,M,86.0,94.0,78.0,83.0,84.0,72.0,60.0,84.0,70.0,83.0,88.0,74.0,92.0,97.0,71.0,74.0,95.0,73.5,84.0,80.0,76.0,88.0,83.0,76.0,75.0,92.0,68.0,96.0,74.0,87.0,68.0,81.0,81.0,80.0,74.0,82.0,76.0,80.0,93.0,94.0,83.0,82.0,81.0,83.0,78.0,79.0,83.0,88.0,75.0,93.0,77.0,85.0,89.0,92.0,88.0
143.0,143.0,144.0,D25,D,M,67.0,83.0,64.0,72.0,78.0,64.0,48.0,70.0,56.0,60.0,81.0,60.0,74.0,91.0,63.0,69.0,88.0,71.5,72.0,71.0,67.0,73.0,81.5,60.0,67.0,80.0,57.0,84.0,73.0,57.0,63.0,72.0,62.0,69.0,60.0,50.0,62.0,32.0,43.0,63.0,53.0,27.0,43.0,58.0,50.0,63.0,40.0,39.0,61.0,67.0,53.0,57.0,48.0,57.0,37.0
144.0,144.0,145.0,D26,D,M,63.0,66.0,68.0,78.0,65.0,55.0,59.0,55.0,60.0,71.0,81.0,58.0,76.0,84.0,54.0,73.0,76.0,56.0,76.0,74.0,61.0,74.0,78.0,56.0,60.0,60.0,47.0,83.0,64.0,72.0,45.0,70.0,58.0,61.0,44.0,64.0,64.0,70.0,56.0,75.0,67.0,57.0,41.0,69.0,47.0,70.0,80.0,57.0,58.0,75.0,63.0,62.0,61.0,86.0,65.0
145.0,145.0,146.0,D27,D,M,74.0,85.0,81.0,68.0,75.0,74.0,63.0,83.0,71.0,63.0,90.0,69.0,67.0,92.0,60.0,66.0,87.0,78.0,86.0,73.0,67.0,72.0,78.0,65.0,70.0,64.0,62.0,79.0,73.0,66.0,64.0,56.0,68.0,69.0,62.0,58.0,63.0,54.0,49.0,61.0,65.0,39.0,43.0,60.0,47.0,62.0,47.0,57.0,66.0,70.0,65.0,61.0,67.0,54.0,35.0
146.0,146.0,147.0,D28,D,M,72.0,82.0,66.0,70.0,81.0,68.0,69.0,85.0,75.0,73.0,90.0,77.0,73.0,94.0,67.0,68.0,84.0,79.5,76.0,73.0,78.0,72.0,86.0,83.0,80.0,89.0,72.0,93.0,83.0,70.0,69.0,88.0,60.0,76.0,76.0,85.0,64.0,70.0,62.0,93.0,65.0,61.0,65.0,79.0,65.0,67.0,83.0,74.0,93.0,94.0,58.0,70.0,74.0,72.0,72.0
147.0,147.0,148.0,D29,D,M,69.0,71.0,60.0,69.0,85.0,64.0,72.0,81.0,60.0,66.0,83.0,63.0,79.0,77.0,50.0,69.0,93.0,68.0,59.0,77.0,54.0,44.0,70.0,54.0,67.0,79.0,61.0,75.0,75.0,57.0,51.0,71.0,50.0,70.0,62.0,61.0,48.0,10.0,13.0,80.0,55.0,5.0,25.0,12.0,12.0,49.0,5.0,15.0,71.0,86.0,47.0,9.0,18.0,29.0,15.0
148.0,148.0,149.0,D30,D,M,60.0,98.0,81.0,68.0,92.0,85.0,82.0,93.0,89.0,76.0,96.0,85.0,61.0,97.0,81.0,75.0,96.0,82.5,79.0,91.0,91.0,72.0,90.0,85.0,81.0,97.0,86.0,95.0,83.0,95.0,93.0,84.0,60.0,88.0,84.0,84.0,68.0,45.0,60.0,98.0,69.0,51.0,61.0,69.0,75.0,73.0,72.0,52.0,89.0,98.0,69.0,65.0,66.0,73.0,65.0
149.0,149.0,150.0,D31,D,M,71.0,86.0,85.0,58.0,86.0,85.0,80.0,89.0,82.0,52.0,99.0,87.0,29.0,97.0,83.0,87.0,91.0,90.5,53.0,90.0,90.0,47.0,93.0,96.0,89.0,87.0,85.0,88.0,87.0,90.0,92.0,87.0,52.0,89.0,91.0,84.0,54.0,14.0,21.0,97.0,69.0,18.0,36.0,37.0,45.0,69.0,19.0,23.0,92.0,94.0,57.0,26.0,33.0,49.0,67.0
151.0,151.0,152.0,E01,E,F,73.0,79.0,74.0,28.0,63.0,77.0,74.0,80.0,72.0,64.0,83.0,84.0,56.0,76.0,72.0,86.0,85.0,80.5,53.0,83.0,78.0,53.0,78.0,82.0,80.0,81.0,70.0,90.0,87.0,70.0,78.0,71.0,18.0,73.0,71.0,85.0,44.0,4.0,10.0,81.0,33.0,16.0,19.0,13.0,12.0,79.0,87.0,87.0,77.0,81.0,47.0,9.0,13.0,18.0,12.0
152.0,152.0,153.0,E02,E,F,76.0,93.0,86.0,74.0,94.0,89.0,80.0,93.0,88.0,74.0,89.0,91.0,69.0,88.0,90.0,84.0,80.0,89.0,84.0,78.0,85.0,81.0,76.0,91.0,84.0,81.0,89.0,92.0,83.0,64.0,90.0,88.0,70.0,76.0,88.0,82.0,77.0,79.0,56.0,99.0,81.0,47.0,41.0,61.0,70.0,77.0,66.0,52.0,85.0,81.0,67.0,83.0,89.0,58.0,45.0
154.0,154.0,155.0,E04,E,F,81.0,92.0,80.0,80.0,88.0,76.0,70.0,83.0,78.0,88.0,92.0,79.0,78.0,80.0,73.0,73.0,86.0,81.5,77.0,93.0,79.0,83.0,86.0,81.0,78.0,89.0,79.0,93.0,85.0,83.0,79.0,87.0,76.0,81.0,82.0,85.0,72.0,78.0,78.0,90.0,80.0,79.0,73.0,77.0,75.0,77.0,84.0,78.0,76.0,86.0,79.0,63.0,86.0,77.0,88.0
155.0,155.0,156.0,E05,E,F,77.0,69.0,74.0,77.0,75.0,69.0,66.0,71.0,67.0,76.0,73.0,72.0,78.0,88.0,64.0,76.0,79.0,76.5,72.0,74.0,71.0,74.0,75.0,72.0,78.0,89.0,74.0,95.0,78.0,64.0,76.0,91.0,73.0,80.0,71.0,91.0,69.0,53.0,78.0,97.0,65.0,46.0,61.0,47.0,70.0,69.0,73.0,78.0,81.0,86.0,77.0,83.0,89.0,88.0,83.0
158.0,158.0,159.0,E08,E,F,74.0,96.0,83.0,66.0,93.0,85.0,78.0,85.0,85.0,63.0,86.0,88.0,46.0,87.0,76.0,75.0,86.0,79.5,56.0,88.0,91.0,62.0,76.0,83.0,81.0,87.0,76.0,98.0,85.0,69.0,76.0,88.0,58.0,82.0,80.0,84.0,52.0,12.0,34.0,93.0,57.0,3.0,33.0,17.0,13.0,52.0,11.0,31.0,82.0,83.0,47.0,21.0,26.0,18.0,7.0
160.0,160.0,161.0,E10,E,F,74.0,81.0,70.0,77.0,70.0,73.0,69.0,80.0,74.0,80.0,80.0,81.0,69.0,84.0,68.0,74.0,72.0,76.0,81.0,77.0,68.0,67.0,75.0,73.0,73.0,73.0,62.0,84.0,82.0,71.0,60.0,79.0,72.0,60.0,66.0,69.0,72.0,68.0,83.0,79.0,82.0,62.0,78.0,78.0,80.0,77.0,68.0,84.0,61.0,85.0,76.0,71.0,84.0,71.0,77.0
161.0,161.0,162.0,E11,E,F,72.0,65.0,70.0,78.0,75.0,73.0,75.0,73.0,69.0,78.0,77.0,82.0,79.0,83.0,65.0,78.0,72.0,79.0,83.0,68.0,79.0,71.0,68.0,79.0,83.0,72.0,69.0,86.0,80.0,62.0,78.0,73.0,79.0,64.0,69.0,72.0,75.0,74.0,75.0,89.0,75.0,44.0,59.0,61.0,55.0,81.0,75.0,65.0,66.0,78.0,77.0,83.0,89.0,88.0,83.0
162.0,162.0,163.0,E12,E,F,60.0,78.0,71.0,48.0,77.0,71.0,78.0,84.0,79.0,70.0,78.0,75.0,60.0,86.0,62.0,70.0,74.0,70.0,64.0,85.0,72.0,51.0,72.0,70.0,76.0,66.0,62.0,92.0,80.0,55.0,65.0,81.0,61.0,74.0,74.0,84.0,56.0,45.0,53.0,88.0,57.0,39.0,44.0,42.0,28.0,53.0,61.0,49.0,65.0,75.0,51.0,51.0,53.0,51.0,32.0
163.0,163.0,164.0,E13,E,F,82.0,76.0,80.0,63.0,77.0,85.0,82.0,72.0,84.0,71.0,96.0,85.0,57.0,85.0,80.0,83.0,83.0,87.0,62.0,79.0,86.0,71.0,91.0,90.0,85.0,87.0,77.0,92.0,86.0,77.0,90.0,97.0,72.0,84.0,80.0,86.0,64.0,59.0,88.0,91.0,65.0,31.0,73.0,80.0,82.0,58.0,59.0,86.0,84.0,90.0,47.0,60.0,86.0,69.0,63.0
164.0,164.0,165.0,E14,E,F,66.0,65.0,64.0,70.0,69.0,65.0,57.0,68.0,58.0,66.0,62.0,60.0,78.0,54.0,60.0,67.0,68.0,59.5,74.0,56.0,47.0,74.0,51.0,60.0,63.0,61.0,45.0,77.0,74.0,43.0,43.0,64.0,60.0,58.0,49.0,45.0,65.0,51.0,53.0,56.0,65.0,46.0,41.0,51.0,48.0,63.0,69.0,47.0,51.0,42.0,54.0,54.0,57.0,59.0,65.0
165.0,165.0,166.0,E15,E,M,77.0,76.0,72.0,71.0,81.0,78.0,71.0,87.0,82.0,69.0,95.0,81.0,53.0,91.0,68.0,65.0,92.0,74.5,62.0,91.0,85.0,63.0,88.0,75.0,73.0,87.0,75.0,91.0,78.0,91.0,76.0,90.0,70.0,84.0,81.0,88.0,61.0,77.0,65.0,90.0,68.0,65.0,53.0,81.0,80.0,59.0,89.0,75.0,91.0,90.0,60.0,80.0,78.0,83.0,75.0
166.0,166.0,167.0,E16,E,M,71.0,99.0,81.0,81.0,87.0,78.0,77.0,77.0,73.0,70.0,84.0,79.0,79.0,90.0,78.0,68.0,87.0,74.5,79.0,70.0,79.0,74.0,76.0,82.0,79.0,75.0,74.0,88.0,78.0,62.0,82.0,72.0,70.0,72.0,76.0,72.0,69.0,76.0,70.0,73.0,64.0,59.0,51.0,76.0,73.0,69.0,82.0,63.0,65.0,62.0,73.0,66.0,60.0,79.0,78.0
169.0,169.0,170.0,E19,E,M,88.0,80.0,79.0,72.0,91.0,83.0,77.0,78.0,84.0,82.0,72.0,84.0,82.0,86.0,83.0,81.0,75.0,90.5,88.0,83.0,83.0,78.0,73.0,84.0,79.0,78.0,72.0,84.0,78.0,61.0,90.0,81.0,76.0,69.0,74.0,85.0,69.0,72.0,67.0,91.0,73.0,68.0,50.0,68.0,87.0,81.0,72.0,57.0,83.0,83.0,77.0,74.0,61.0,89.0,83.0
170.0,170.0,171.0,E20,E,M,82.0,87.0,81.0,84.0,90.0,83.0,75.0,90.0,90.0,88.0,86.0,94.0,83.0,94.0,84.0,82.0,97.0,91.5,87.0,78.0,88.0,86.0,89.0,88.0,79.0,97.0,79.0,91.0,84.0,83.0,81.0,85.0,70.0,80.0,85.0,83.0,73.0,73.0,78.0,88.0,85.0,75.0,60.0,73.0,73.0,78.0,82.0,61.0,87.0,90.0,74.0,76.0,78.0,77.0,68.0
172.0,172.0,173.0,E22,E,M,62.0,48.0,60.0,69.0,55.0,56.0,64.0,63.0,63.0,64.0,60.0,55.0,71.0,61.0,48.0,61.0,61.0,52.0,70.0,60.0,46.0,76.0,51.0,53.0,68.0,39.0,39.0,71.0,75.0,38.0,46.0,63.0,60.0,38.0,49.0,40.0,67.0,22.0,40.0,69.0,59.0,20.0,36.0,21.0,32.0,60.0,31.0,40.0,54.0,51.0,67.0,30.0,43.0,32.0,28.0
173.0,173.0,174.0,E23,E,M,74.0,83.0,57.0,84.0,70.0,64.0,57.0,78.0,53.0,73.0,71.0,60.0,73.0,76.0,50.0,69.0,75.0,57.0,79.0,69.0,54.0,74.0,67.0,50.0,62.0,62.0,42.0,75.0,64.0,49.0,43.0,78.0,69.0,67.0,54.0,70.0,62.0,23.0,52.0,82.0,67.0,31.0,50.0,29.0,33.0,73.0,36.0,60.0,75.0,75.0,64.0,43.0,60.0,47.0,27.0
174.0,174.0,175.0,E24,E,M,71.0,63.0,68.0,77.0,64.0,60.0,77.0,67.0,61.0,79.0,72.0,62.0,81.0,67.0,58.0,60.0,71.0,59.5,86.0,52.0,61.0,70.0,40.0,56.0,73.0,46.0,53.0,85.0,75.0,22.0,60.0,74.0,73.0,50.0,50.0,65.0,70.0,52.0,60.0,64.0,69.0,42.0,52.0,58.0,70.0,78.0,65.0,59.0,52.0,45.0,65.0,71.0,69.0,69.0,68.0
175.0,175.0,176.0,E25,E,M,82.0,60.0,65.0,84.0,57.0,60.0,60.0,60.0,61.0,92.0,64.0,60.0,93.0,83.0,63.0,73.0,76.0,65.0,88.0,75.0,68.0,87.0,74.0,65.0,66.0,78.0,61.0,87.0,61.0,56.0,62.0,82.0,90.0,75.0,67.0,75.0,78.0,86.0,90.0,78.0,87.0,87.0,74.0,81.0,80.0,82.0,85.0,89.0,76.0,58.0,80.0,83.0,87.0,92.0,80.0
176.0,176.0,177.0,E26,E,M,68.0,58.0,46.0,72.0,42.0,46.0,68.0,41.0,33.0,78.0,9.0,24.0,78.0,7.0,21.0,52.0,15.0,18.5,74.0,2.0,26.0,74.0,8.0,24.0,46.0,6.0,15.0,46.0,50.0,6.0,21.0,39.0,66.0,3.0,23.0,20.0,58.0,12.0,34.0,32.0,65.0,16.0,33.0,29.0,38.0,62.0,11.0,37.0,13.0,15.0,65.0,16.0,58.0,39.0,43.0
177.0,177.0,178.0,E27,E,M,66.0,77.0,65.0,54.0,50.0,60.0,64.0,75.0,70.0,59.0,60.0,70.0,57.0,57.0,49.0,70.0,65.0,68.0,53.0,81.0,61.0,54.0,55.0,60.0,59.0,56.0,66.0,81.0,69.0,52.0,66.0,80.0,59.0,60.0,62.0,71.0,58.0,12.0,45.0,68.0,57.0,3.0,41.0,21.0,23.0,55.0,13.0,29.0,69.0,80.0,50.0,12.0,43.0,26.0,23.0
178.0,178.0,179.0,E28,E,M,87.0,64.0,39.0,66.0,44.0,47.0,56.0,37.0,44.0,82.0,27.0,42.0,84.0,20.0,40.0,52.0,19.0,31.0,91.0,21.0,36.0,88.0,1.0,27.0,62.0,9.0,31.0,75.0,64.0,5.0,34.0,63.0,77.0,8.0,29.0,37.0,70.0,74.0,78.0,59.0,69.0,71.0,76.0,86.0,83.0,75.0,72.0,78.0,43.0,55.0,69.0,79.0,88.0,79.0,82.0
179.0,179.0,180.0,E29,E,M,74.0,71.0,62.0,68.0,42.0,62.0,70.0,63.0,60.0,69.0,45.0,55.0,69.0,54.0,49.0,68.0,41.0,47.5,79.0,61.0,53.0,77.0,60.0,56.0,77.0,39.0,43.0,83.0,69.0,26.0,52.0,59.0,66.0,50.0,49.0,47.0,66.0,78.0,72.0,61.0,69.0,77.0,61.0,77.0,73.0,73.0,78.0,76.0,58.0,65.0,63.0,79.0,82.0,87.0,70.0
180.0,180.0,181.0,E30,E,M,77.0,59.0,34.0,77.0,54.0,45.0,55.0,67.0,38.0,82.0,47.0,35.0,74.0,50.0,29.0,54.0,39.0,24.0,76.0,50.0,34.0,80.0,44.0,26.0,34.0,13.0,19.0,60.0,36.0,5.0,12.0,54.0,67.0,3.0,18.0,19.0,69.0,86.0,92.0,27.0,72.0,80.0,69.0,81.0,85.0,74.0,91.0,87.0,83.0,86.0,73.0,94.0,89.0,87.0,90.0
181.0,181.0,182.0,E31,E,F,81.0,81.0,42.0,88.0,81.0,56.0,74.0,77.0,48.0,82.0,81.0,48.0,84.0,65.0,56.0,77.0,73.0,47.0,84.0,78.0,56.0,84.0,72.0,60.0,64.0,82.0,49.0,91.0,75.0,56.0,62.0,83.0,84.0,52.0,50.0,72.0,71.0,63.0,76.0,78.0,76.0,60.0,71.0,74.0,73.0,80.0,74.0,78.0,71.0,63.0,72.0,81.0,87.0,84.0,73.0
185.0,185.0,186.0,F03,F,F,46.0,66.0,84.0,57.0,63.0,84.0,79.0,82.0,81.0,50.0,82.0,87.0,58.0,85.0,76.0,81.0,80.0,89.5,39.0,76.0,81.0,61.0,61.0,87.0,76.0,69.0,78.0,90.0,81.0,70.0,86.0,85.0,41.0,48.0,79.0,77.0,48.0,23.0,30.0,89.0,57.0,35.0,39.0,53.0,78.0,46.0,36.0,43.0,64.0,78.0,36.0,45.0,49.0,46.0,70.0
187.0,187.0,188.0,F05,F,F,66.0,80.0,86.0,63.0,81.0,84.0,75.0,80.0,77.0,67.0,74.0,87.0,63.0,89.0,83.0,74.0,87.0,85.0,66.0,66.0,83.0,67.0,66.0,88.0,78.0,73.0,81.0,87.0,84.0,75.0,80.0,87.0,54.0,78.0,84.0,87.0,51.0,36.0,52.0,94.0,57.0,3.0,34.0,24.0,23.0,59.0,7.0,39.0,75.0,85.0,52.0,17.0,52.0,32.0,15.0
190.0,190.0,191.0,F08,F,F,91.0,70.0,74.0,103.0,60.0,78.0,72.0,77.0,72.0,99.0,64.0,72.0,102.0,69.0,60.0,71.0,62.0,77.0,97.0,69.0,69.0,97.0,64.0,72.0,73.0,76.0,85.0,77.0,74.0,51.0,81.0,75.0,103.0,54.0,66.0,78.0,83.0,72.0,75.0,85.0,55.0,54.0,61.0,92.0,113.0,55.0,62.0,60.0,53.0,80.0,54.0,52.0,59.0,98.0,125.0
191.0,191.0,192.0,F09,F,F,97.0,50.0,46.0,99.0,38.0,53.0,69.0,53.0,45.0,111.0,60.0,51.0,107.0,31.0,53.0,69.0,35.0,37.5,100.0,38.0,36.0,99.0,27.0,42.0,74.0,36.0,40.0,75.0,73.0,27.0,42.0,77.0,97.0,15.0,37.0,58.0,75.0,83.0,78.0,70.0,55.0,65.0,58.0,98.0,153.0,58.0,65.0,62.0,49.0,48.0,55.0,62.0,63.0,103.0,150.0
192.0,192.0,193.0,F10,F,F,98.0,34.0,48.0,99.0,22.0,58.0,56.0,23.0,42.0,101.0,24.0,42.0,96.0,16.0,44.0,70.0,14.0,49.0,102.0,17.0,37.0,99.0,19.0,41.0,65.0,11.0,37.0,47.0,59.0,4.0,54.0,51.0,103.0,8.0,41.0,31.0,70.0,82.0,82.0,52.0,61.0,63.0,61.0,104.0,158.0,56.0,66.0,65.0,27.0,27.0,58.0,59.0,65.0,107.0,153.0
193.0,193.0,194.0,F11,F,F,102.0,30.0,49.0,90.0,12.0,48.0,60.0,24.0,42.0,92.0,37.0,54.0,102.0,20.0,29.0,58.0,31.0,39.0,100.0,15.0,34.0,97.0,5.0,37.0,61.0,6.0,40.0,44.0,60.0,8.0,39.0,43.0,102.0,13.0,39.0,23.0,62.0,73.0,76.0,48.0,57.0,60.0,56.0,101.0,153.0,54.0,63.0,61.0,25.0,25.0,54.0,61.0,61.0,99.0,147.0
194.0,194.0,195.0,F12,F,F,97.0,76.0,72.0,108.0,75.0,75.0,71.0,76.0,68.0,111.0,49.0,74.0,103.0,41.0,63.0,68.0,45.0,76.5,107.0,51.0,69.0,107.0,34.0,70.0,74.0,56.0,83.0,60.0,83.0,32.0,71.0,69.0,102.0,25.0,65.0,61.0,79.0,82.0,80.0,70.0,62.0,64.0,61.0,111.0,158.0,58.0,64.0,65.0,48.0,60.0,59.0,61.0,65.0,109.0,158.0
196.0,196.0,197.0,F14,F,M,96.0,60.0,89.0,100.0,56.0,85.0,70.0,60.0,86.0,101.0,54.0,88.0,99.0,84.0,78.0,77.0,73.0,84.5,103.0,63.0,78.0,99.0,66.0,84.0,76.0,80.0,74.0,78.0,78.0,72.0,85.0,74.0,93.0,64.0,78.0,69.0,86.0,68.0,81.0,85.0,57.0,61.0,59.0,99.0,137.0,59.0,63.0,63.0,65.0,82.0,53.0,51.0,61.0,101.0,130.0
198.0,198.0,199.0,F16,F,M,98.0,69.0,76.0,96.0,66.0,73.0,75.0,84.0,70.0,98.0,81.0,79.0,92.0,61.0,68.0,76.0,82.0,77.5,91.0,71.0,79.0,90.0,61.0,72.0,78.0,79.0,62.0,88.0,79.0,62.0,71.0,83.0,89.0,75.0,70.0,72.0,90.0,68.0,74.0,80.0,54.0,57.0,51.0,89.0,133.0,56.0,59.0,59.0,65.0,73.0,49.0,57.0,59.0,98.0,142.0
200.0,200.0,201.0,F18,F,M,97.0,55.0,63.0,100.0,44.0,55.0,54.0,61.0,55.0,100.0,55.0,60.0,103.0,51.0,52.0,59.0,56.0,43.5,100.0,65.0,53.0,107.0,55.0,56.0,60.0,57.0,46.0,67.0,63.0,53.0,54.0,63.0,89.0,48.0,54.0,35.0,67.0,77.0,77.0,55.0,59.0,61.0,57.0,97.0,133.0,52.0,57.0,64.0,54.0,51.0,53.0,54.0,62.0,104.0,138.0
202.0,202.0,203.0,F20,F,M,99.0,97.0,89.0,88.0,91.0,85.0,70.0,92.0,82.0,98.0,88.0,81.0,96.0,85.0,74.0,80.0,93.0,80.0,91.0,74.0,82.0,84.0,64.0,89.0,72.0,84.0,68.0,89.0,70.0,55.0,78.0,85.0,96.0,61.0,82.0,82.0,77.0,63.0,82.0,88.0,53.0,61.0,57.0,92.0,130.0,54.0,59.0,60.0,67.0,69.0,54.0,58.0,59.0,102.0,145.0
203.0,203.0,204.0,F21,F,M,93.0,59.0,56.0,99.0,51.0,64.0,63.0,76.0,55.0,104.0,61.0,60.0,101.0,60.0,53.0,63.0,59.0,61.0,97.0,66.0,60.0,97.0,49.0,54.0,70.0,68.0,49.0,71.0,64.0,47.0,47.0,64.0,96.0,43.0,50.0,66.0,78.0,83.0,77.0,64.0,55.0,67.0,61.0,104.0,155.0,55.0,65.0,63.0,58.0,45.0,53.0,66.0,63.0,109.0,158.0
204.0,204.0,205.0,F22,F,M,103.0,90.0,76.0,102.0,86.0,75.0,64.0,84.0,62.0,102.0,84.0,75.0,101.0,89.0,73.0,68.0,85.0,78.5,92.0,84.0,79.0,100.0,74.0,71.0,68.0,76.0,67.0,90.0,66.0,86.0,78.0,87.0,97.0,60.0,70.0,88.0,73.0,78.0,78.0,94.0,55.0,65.0,55.0,102.0,163.0,55.0,63.0,63.0,82.0,78.0,52.0,62.0,63.0,109.0,155.0
207.0,207.0,208.0,F25,F,M,88.0,80.0,66.0,97.0,78.0,53.0,70.0,81.0,63.0,97.0,80.0,62.0,88.0,86.0,53.0,74.0,83.0,63.0,80.0,67.0,60.0,84.0,65.0,71.0,75.0,74.0,56.0,89.0,79.0,71.0,61.0,77.0,87.0,69.0,67.0,84.0,83.0,68.0,74.0,91.0,48.0,47.0,50.0,91.0,113.0,53.0,57.0,53.0,77.0,86.0,54.0,54.0,59.0,87.0,130.0
208.0,208.0,209.0,F26,F,M,79.0,57.0,67.0,104.0,68.0,71.0,68.0,69.0,49.0,90.0,82.0,73.0,81.0,62.0,57.0,70.0,47.0,62.5,91.0,51.0,61.0,86.0,48.0,56.0,71.0,50.0,51.0,76.0,80.0,35.0,57.0,64.0,91.0,38.0,62.0,70.0,84.0,74.0,68.0,80.0,56.0,53.0,51.0,97.0,150.0,50.0,58.0,56.0,65.0,69.0,50.0,54.0,54.0,103.0,150.0
209.0,209.0,210.0,F27,F,M,100.0,69.0,51.0,89.0,72.0,47.0,70.0,86.0,60.0,96.0,64.0,66.0,101.0,48.0,40.0,74.0,61.0,55.5,101.0,59.0,53.0,93.0,42.0,45.0,70.0,64.0,47.0,76.0,80.0,49.0,46.0,73.0,90.0,51.0,48.0,61.0,82.0,73.0,63.0,80.0,51.0,55.0,45.0,78.0,128.0,53.0,52.0,51.0,54.0,36.0,51.0,54.0,57.0,88.0,137.0
213.0,213.0,214.0,G01,G,F,73.0,58.0,60.0,71.0,67.0,53.0,77.0,62.0,62.0,86.0,64.0,61.0,73.0,57.0,55.0,78.0,70.0,65.5,76.0,86.0,60.0,59.0,68.0,62.0,81.0,57.0,44.0,92.0,78.0,72.0,62.0,79.0,67.0,73.0,56.0,86.0,83.0,12.0,31.0,92.0,39.0,3.0,29.0,43.0,42.0,42.0,13.0,23.0,76.0,81.0,33.0,27.0,33.0,42.0,37.0
216.0,216.0,217.0,G04,G,F,79.0,83.0,77.0,97.0,74.0,80.0,78.0,78.0,79.0,86.0,91.0,88.0,76.0,81.0,74.0,83.0,79.0,81.0,89.0,75.0,80.0,80.0,66.0,72.0,81.0,77.0,71.0,84.0,83.0,65.0,69.0,78.0,84.0,74.0,74.0,68.0,88.0,35.0,45.0,81.0,47.0,21.0,25.0,43.0,55.0,46.0,31.0,27.0,75.0,74.0,51.0,55.0,59.0,98.0,138.0
218.0,218.0,219.0,G06,G,F,86.0,81.0,86.0,90.0,78.0,90.0,86.0,77.0,90.0,86.0,72.0,93.0,90.0,89.0,87.0,83.0,89.0,93.5,86.0,86.0,91.0,71.0,83.0,95.0,83.0,88.0,90.0,96.0,85.0,79.0,93.0,82.0,86.0,83.0,91.0,84.0,96.0,30.0,59.0,97.0,45.0,25.0,41.0,66.0,87.0,50.0,31.0,49.0,81.0,94.0,47.0,33.0,48.0,59.0,87.0
220.0,220.0,221.0,G08,G,F,82.0,40.0,69.0,68.0,34.0,53.0,49.0,31.0,48.0,91.0,31.0,57.0,56.0,55.0,50.0,61.0,50.0,54.5,96.0,56.0,53.0,81.0,43.0,39.0,64.0,30.0,44.0,68.0,69.0,28.0,46.0,56.0,66.0,24.0,49.0,34.0,80.0,10.0,40.0,49.0,47.0,5.0,15.0,37.0,92.0,42.0,9.0,23.0,36.0,30.0,41.0,5.0,27.0,52.0,108.0
222.0,222.0,223.0,G10,G,F,81.0,55.0,72.0,87.0,81.0,86.0,70.0,70.0,74.0,77.0,60.0,71.0,69.0,49.0,69.0,79.0,57.0,77.5,70.0,55.0,62.0,82.0,36.0,60.0,68.0,35.0,62.0,60.0,72.0,31.0,62.0,43.0,51.0,34.0,60.0,35.0,75.0,51.0,68.0,55.0,42.0,41.0,42.0,74.0,137.0,38.0,38.0,49.0,46.0,30.0,45.0,46.0,55.0,84.0,138.0
223.0,223.0,224.0,G11,G,F,107.0,42.0,67.0,113.0,56.0,52.0,71.0,62.0,62.0,121.0,73.0,53.0,116.0,60.0,63.0,75.0,53.0,54.5,114.0,62.0,64.0,111.0,49.0,53.0,73.0,63.0,51.0,70.0,77.0,35.0,55.0,63.0,112.0,60.0,52.0,58.0,84.0,62.0,67.0,73.0,38.0,39.0,39.0,101.0,230.0,39.0,43.0,43.0,62.0,72.0,37.0,41.0,41.0,108.0,230.0
224.0,224.0,225.0,G12,G,F,112.0,73.0,85.0,121.0,70.0,76.0,86.0,83.0,87.0,122.0,85.0,80.0,112.0,82.0,90.0,80.0,81.0,88.5,122.0,77.0,93.0,121.0,67.0,91.0,81.0,87.0,88.0,95.0,84.0,79.0,87.0,75.0,111.0,80.0,82.0,83.0,93.0,103.0,68.0,96.0,40.0,42.0,39.0,111.0,250.0,40.0,43.0,42.0,75.0,91.0,38.0,40.0,43.0,116.0,208.0
225.0,225.0,226.0,G13,G,F,109.0,38.0,60.0,112.0,26.0,61.0,61.0,33.0,50.0,111.0,19.0,47.0,112.0,14.0,45.0,67.0,14.0,47.5,119.0,10.0,41.0,99.0,10.0,44.0,64.0,9.0,40.0,56.0,75.0,5.0,42.0,49.0,110.0,2.0,36.0,38.0,70.0,15.0,61.0,53.0,37.0,41.0,38.0,103.0,228.0,38.0,43.0,43.0,32.0,51.0,38.0,42.0,39.0,114.0,228.0
226.0,226.0,227.0,G14,G,F,107.0,33.0,57.0,99.0,19.0,55.0,54.0,10.0,51.0,102.0,9.0,41.0,102.0,21.0,46.0,59.0,10.0,45.5,108.0,14.0,52.0,96.0,15.0,39.0,56.0,11.0,39.0,59.0,55.0,2.0,42.0,48.0,108.0,11.0,42.0,21.0,69.0,15.0,57.0,54.0,34.0,35.0,35.0,93.0,203.0,36.0,39.0,38.0,26.0,20.0,37.0,33.0,41.0,109.0,245.0
228.0,228.0,229.0,G16,G,M,100.0,74.0,66.0,109.0,60.0,74.0,75.0,45.0,68.0,107.0,76.0,72.0,113.0,64.0,72.0,84.0,80.0,79.5,108.0,73.0,80.0,109.0,49.0,67.0,83.0,70.0,77.0,92.0,81.0,66.0,74.0,81.0,97.0,69.0,80.0,83.0,84.0,89.0,59.0,90.0,37.0,43.0,35.0,119.0,272.0,37.0,43.0,39.0,85.0,91.0,34.0,39.0,39.0,110.0,263.0
230.0,230.0,231.0,G18,G,M,89.0,77.0,71.0,82.0,77.0,82.0,75.0,80.0,71.0,96.0,71.0,87.0,96.0,71.0,74.0,69.0,74.0,83.5,97.0,79.0,86.0,97.0,57.0,82.0,73.0,80.0,64.0,89.0,75.0,61.0,71.0,73.0,87.0,76.0,69.0,74.0,79.0,94.0,31.0,79.0,29.0,12.0,21.0,69.0,153.0,31.0,20.0,15.0,80.0,82.0,29.0,18.0,23.0,60.0,158.0
231.0,231.0,232.0,G19,G,M,109.0,76.0,56.0,119.0,69.0,71.0,73.0,87.0,77.0,109.0,81.0,82.0,110.0,80.0,74.0,75.0,93.0,87.5,108.0,87.0,82.0,99.0,85.0,84.0,75.0,86.0,84.0,91.0,82.0,83.0,87.0,83.0,100.0,80.0,84.0,96.0,83.0,103.0,60.0,96.0,34.0,27.0,31.0,91.0,203.0,37.0,33.0,38.0,89.0,86.0,31.0,27.0,37.0,86.0,208.0
232.0,232.0,233.0,G20,G,M,93.0,92.0,75.0,93.0,84.0,74.0,75.0,75.0,80.0,88.0,63.0,85.0,87.0,78.0,72.0,78.0,86.0,78.0,91.0,75.0,78.0,86.0,72.0,85.0,84.0,84.0,76.0,87.0,81.0,55.0,73.0,76.0,91.0,78.0,74.0,76.0,85.0,76.0,27.0,82.0,32.0,9.0,15.0,41.0,130.0,31.0,13.0,14.0,77.0,70.0,29.0,14.0,15.0,62.0,92.0
233.0,233.0,234.0,G21,G,M,102.0,49.0,68.0,96.0,57.0,74.0,72.0,66.0,68.0,89.0,47.0,73.0,103.0,47.0,70.0,76.0,56.0,76.5,101.0,50.0,72.0,81.0,41.0,69.0,67.0,42.0,62.0,63.0,78.0,33.0,68.0,69.0,86.0,41.0,68.0,43.0,83.0,43.0,47.0,75.0,30.0,9.0,23.0,26.0,187.0,33.0,15.0,26.0,57.0,48.0,34.0,37.0,39.0,109.0,230.0
236.0,236.0,237.0,G24,G,M,102.0,62.0,60.0,107.0,55.0,71.0,78.0,64.0,69.0,100.0,54.0,71.0,109.0,44.0,67.0,80.0,61.0,73.0,107.0,66.0,64.0,97.0,37.0,63.0,79.0,54.0,56.0,78.0,79.0,45.0,57.0,67.0,97.0,27.0,55.0,49.0,85.0,36.0,42.0,77.0,38.0,7.0,19.0,60.0,78.0,33.0,10.0,22.0,42.0,24.0,34.0,37.0,39.0,109.0,230.0
237.0,237.0,238.0,G25,G,M,97.0,49.0,49.0,96.0,54.0,55.0,72.0,51.0,60.0,112.0,26.0,49.0,107.0,12.0,33.0,74.0,18.0,49.5,103.0,27.0,44.0,100.0,15.0,46.0,78.0,3.0,32.0,79.0,80.0,8.0,45.0,62.0,100.0,12.0,29.0,36.0,77.0,14.0,59.0,67.0,33.0,35.0,31.0,91.0,237.0,35.0,39.0,37.0,46.0,75.0,33.0,34.0,40.0,101.0,242.0
238.0,238.0,239.0,G26,G,M,112.0,43.0,57.0,112.0,63.0,69.0,69.0,73.0,70.0,113.0,57.0,66.0,101.0,50.0,62.0,67.0,41.0,68.5,112.0,41.0,76.0,107.0,47.0,66.0,70.0,37.0,46.0,69.0,33.0,13.0,57.0,58.0,103.0,28.0,48.0,35.0,58.0,28.0,36.0,48.0,23.0,21.0,22.0,100.0,292.0,22.0,25.0,25.0,57.0,74.0,23.0,24.0,25.0,107.0,338.0
239.0,239.0,240.0,G27,G,M,109.0,80.0,77.0,109.0,75.0,77.0,76.0,87.0,79.0,126.0,56.0,78.0,108.0,74.0,74.0,78.0,75.0,81.5,103.0,84.0,86.0,109.0,81.0,81.0,85.0,63.0,77.0,84.0,79.0,74.0,78.0,85.0,120.0,73.0,78.0,81.0,91.0,93.0,102.0,98.0,23.0,25.0,25.0,113.0,383.0,22.0,27.0,26.0,88.0,86.0,23.0,25.0,26.0,114.0,403.0
241.0,241.0,242.0,G29,G,M,120.0,12.0,62.0,120.0,9.0,54.0,48.0,12.0,48.0,121.0,19.0,58.0,121.0,10.0,50.0,62.0,18.0,45.5,121.0,18.0,60.0,121.0,4.0,44.0,54.0,7.0,46.0,47.0,58.0,2.0,45.0,53.0,119.0,5.0,41.0,17.0,61.0,43.0,62.0,46.0,25.0,23.0,25.0,120.0,395.0,25.0,26.0,27.0,30.0,25.0,25.0,25.0,28.0,124.0,425.0
242.0,242.0,243.0,G30,G,M,66.0,56.0,72.0,123.0,62.0,70.0,71.0,61.0,72.0,112.0,64.0,78.0,114.0,52.0,74.0,64.0,55.0,77.5,127.0,73.0,82.0,109.0,63.0,68.0,64.0,64.0,76.0,79.0,58.0,58.0,78.0,78.0,107.0,63.0,74.0,67.0,65.0,73.0,98.0,89.0,15.0,5.0,9.0,98.0,408.0,15.0,9.0,11.0,68.0,88.0,14.0,9.0,13.0,88.0,450.0
,,,,,,86.0,,,92.0,,,,,,98.0,,,94.0,,,,,,93.0,,,90.0,,,,,,,,,,,91.0,,,,84.0,92.0,96.0,,85.0,89.0,88.0,82.0,83.0,89.0,98.0,96.0,,,82.0,91.0,93.0,87.0,83.0
,,,,,,82.0,,,93.0,,,,,,89.0,,,92.0,,,,,,87.0,,,87.0,,,,,,,,,,,93.0,,,,78.0,86.0,90.0,,83.0,81.0,91.0,83.0,68.0,83.0,93.0,90.0,,,81.0,78.0,89.0,88.0,75.0
,,,,,,87.0,,,89.0,,,,,,100.0,,,96.0,,,,,,90.0,,,89.0,,,,,,,,,,,87.0,,,,82.0,100.0,94.0,,82.0,97.0,87.0,88.0,92.0,87.0,97.0,93.0,,,83.0,93.0,94.0,93.0,90.0
,,,,,,88.0,,,89.0,,,,,,91.0,,,86.0,,,,,,92.0,,,89.0,,,,,,,,,,,93.0,,,,84.0,98.0,98.0,,91.0,95.0,91.0,94.0,95.0,84.0,99.0,98.0,,,87.0,89.0,97.0,96.0,92.0
,,,,,,92.0,,,81.0,,,,,,83.0,,,92.0,,,,,,90.0,,,87.0,,,,,,,,,,,92.0,,,,74.0,88.0,91.0,,85.0,90.0,84.0,91.0,92.0,81.0,95.0,92.0,,,81.0,92.0,92.0,89.0,88.0
,,,,,,87.0,,,97.0,,,,,,100.0,,,93.0,,,,,,96.0,,,96.0,,,,,,,,,,,92.0,,,,83.0,98.0,96.0,,93.0,96.0,91.0,100.0,95.0,87.0,96.0,98.0,,,89.0,91.0,98.0,98.0,95.0
,,,,,,91.0,,,98.0,,,,,,99.0,,,91.0,,,,,,99.0,,,98.0,,,,,,,,,,,90.0,,,,78.0,78.0,99.0,,90.0,94.0,89.0,90.0,90.0,90.0,97.0,94.0,,,86.0,90.0,97.0,94.0,75.0
,,,,,,86.0,,,90.0,,,,,,91.0,,,89.0,,,,,,93.0,,,89.0,,,,,,,,,,,84.0,,,,75.0,81.0,97.0,,85.0,91.0,89.0,89.0,82.0,88.0,95.0,95.0,,,80.0,77.0,92.0,91.0,78.0
,,,,,,88.0,,,91.0,,,,,,90.0,,,91.0,,,,,,96.0,,,80.0,,,,,,,,,,,89.0,,,,81.0,92.0,88.0,,84.0,91.0,85.0,84.0,82.0,86.0,98.0,96.0,,,85.0,95.0,87.0,93.0,82.0
,,,,,,88.0,,,86.0,,,,,,88.0,,,83.0,,,,,,82.0,,,81.0,,,,,,,,,,,80.0,,,,72.0,82.0,89.0,,81.0,85.0,77.0,80.0,80.0,84.0,89.0,88.0,,,73.0,86.0,89.0,88.0,85.0
,,,,,,86.0,,,80.0,,,,,,83.0,,,83.0,,,,,,87.0,,,77.0,,,,,,,,,,,87.0,,,,72.0,85.0,82.0,,77.0,78.0,78.0,76.0,73.0,81.0,89.0,86.0,,,82.0,73.0,91.0,88.0,88.0
,,,,,,87.0,,,90.0,,,,,,90.0,,,93.0,,,,,,90.0,,,96.0,,,,,,,,,,,80.0,,,,82.0,92.0,92.0,,89.0,92.0,85.0,87.0,80.0,78.0,86.0,96.0,,,79.0,81.0,93.0,94.0,83.0
,,,,,,82.0,,,82.0,,,,,,83.0,,,74.0,,,,,,82.0,,,77.0,,,,,,,,,,,76.0,,,,70.0,70.0,85.0,,77.0,71.0,75.0,73.0,63.0,74.0,83.0,85.0,,,80.0,81.0,86.0,77.0,73.0
,,,,,,89.0,,,79.0,,,,,,88.0,,,86.0,,,,,,82.0,,,76.0,,,,,,,,,,,86.0,,,,77.0,76.0,98.0,,80.0,91.0,85.0,83.0,78.0,81.0,89.0,90.0,,,81.0,87.0,89.0,92.0,87.0
,,,,,,84.0,,,89.0,,,,,,94.0,,,91.0,,,,,,87.0,,,87.0,,,,,,,,,,,86.0,,,,79.0,100.0,92.0,,83.0,100.0,91.0,94.0,93.0,83.0,97.0,94.0,,,80.0,99.0,94.0,98.0,95.0
,,,,,,93.0,,,92.0,,,,,,92.0,,,91.0,,,,,,83.0,,,90.0,,,,,,,,,,,87.0,,,,78.0,94.0,94.0,,82.0,97.0,83.0,92.0,98.0,83.0,94.0,94.0,,,78.0,93.0,95.0,98.0,93.0
,,,,,,81.0,,,88.0,,,,,,86.0,,,92.0,,,,,,87.0,,,88.0,,,,,,,,,,,78.0,,,,70.0,89.0,85.0,,83.0,97.0,79.0,96.0,98.0,82.0,97.0,87.0,,,77.0,89.0,89.0,89.0,95.0
,,,,,,79.0,,,79.0,,,,,,92.0,,,78.0,,,,,,76.0,,,79.0,,,,,,,,,,,87.0,,,,73.0,81.0,88.0,,77.0,84.0,86.0,83.0,83.0,73.0,92.0,89.0,,,76.0,83.0,88.0,84.0,87.0
,,,,,,79.0,,,87.0,,,,,,87.0,,,79.0,,,,,,72.0,,,76.0,,,,,,,,,,,78.0,,,,71.0,81.0,89.0,,72.0,70.0,75.0,82.0,68.0,80.0,86.0,80.0,,,81.0,81.0,88.0,78.0,78.0
,,,,,,71.0,,,94.0,,,,,,81.0,,,73.0,,,,,,82.0,,,77.0,,,,,,,,,,,82.0,,,,69.0,89.0,81.0,,84.0,80.0,76.0,87.0,90.0,75.0,87.0,84.0,,,75.0,81.0,81.0,93.0,90.0
,,,,,,90.0,,,80.0,,,,,,86.0,,,91.0,,,,,,91.0,,,84.0,,,,,,,,,,,81.0,,,,78.0,88.0,76.0,,77.0,82.0,68.0,70.0,77.0,79.0,78.0,76.0,,,77.0,81.0,86.0,79.0,82.0
,,,,,,72.0,,,67.0,,,,,,77.0,,,77.0,,,,,,78.0,,,78.0,,,,,,,,,,,70.0,,,,63.0,43.0,44.0,,64.0,27.0,47.0,56.0,55.0,69.0,45.0,35.0,,,64.0,40.0,52.0,49.0,57.0
,,,,,,88.0,,,96.0,,,,,,88.0,,,89.0,,,,,,87.0,,,80.0,,,,,,,,,,,81.0,,,,74.0,66.0,86.0,,77.0,61.0,71.0,74.0,73.0,83.0,73.0,86.0,,,71.0,61.0,83.0,69.0,75.0
,,,,,,76.0,,,76.0,,,,,,71.0,,,70.0,,,,,,74.0,,,69.0,,,,,,,,,,,74.0,,,,62.0,22.0,38.0,,72.0,20.0,33.0,33.0,47.0,69.0,30.0,31.0,,,66.0,31.0,34.0,50.0,33.0
,,,,,,66.0,,,64.0,,,,,,77.0,,,66.0,,,,,,68.0,,,53.0,,,,,,,,,,,60.0,,,,58.0,14.0,37.0,,59.0,5.0,43.0,39.0,25.0,63.0,19.0,34.0,,,49.0,41.0,49.0,38.0,22.0
,,,,,,83.0,,,77.0,,,,,,72.0,,,84.0,,,,,,82.0,,,66.0,,,,,,,,,,,69.0,,,,66.0,30.0,67.0,,67.0,19.0,53.0,21.0,67.0,75.0,35.0,59.0,,,77.0,83.0,89.0,88.0,83.0
,,,,,,80.0,,,81.0,,,,,,74.0,,,76.0,,,,,,84.0,,,71.0,,,,,,,,,,,69.0,,,,70.0,38.0,54.0,,75.0,27.0,47.0,64.0,53.0,73.0,42.0,59.0,,,69.0,45.0,65.0,58.0,58.0
,,,,,,71.0,,,87.0,,,,,,77.0,,,68.0,,,,,,80.0,,,72.0,,,,,,,,,,,76.0,,,,68.0,42.0,54.0,,70.0,31.0,37.0,39.0,33.0,69.0,47.0,40.0,,,77.0,83.0,89.0,88.0,83.0
,,,,,,87.0,,,87.0,,,,,,88.0,,,88.0,,,,,,88.0,,,88.0,,,,,,,,,,,86.0,,,,80.0,92.0,95.0,,82.0,78.0,82.0,87.0,85.0,83.0,87.0,92.0,,,83.0,83.0,95.0,91.0,92.0
,,,,,,77.0,,,81.0,,,,,,77.0,,,81.0,,,,,,77.0,,,64.0,,,,,,,,,,,77.0,,,,69.0,36.0,71.0,,67.0,38.0,62.0,59.0,52.0,75.0,47.0,73.0,,,71.0,49.0,72.0,53.0,52.0
,,,,,,83.0,,,86.0,,,,,,81.0,,,88.0,,,,,,86.0,,,78.0,,,,,,,,,,,78.0,,,,71.0,30.0,61.0,,85.0,17.0,43.0,49.0,28.0,75.0,23.0,50.0,,,77.0,83.0,89.0,88.0,83.0
,,,,,,74.0,,,61.0,,,,,,82.0,,,50.0,,,,,,86.0,,,73.0,,,,,,,,,,,59.0,,,,64.0,12.0,48.0,,71.0,8.0,23.0,33.0,55.0,63.0,13.0,35.0,,,62.0,7.0,40.0,47.0,65.0
,,,,,,78.0,,,77.0,,,,,,91.0,,,86.0,,,,,,84.0,,,81.0,,,,,,,,,,,81.0,,,,76.0,78.0,85.0,,75.0,79.0,71.0,74.0,85.0,79.0,89.0,82.0,,,75.0,76.0,90.0,82.0,87.0
,,,,,,73.0,,,78.0,,,,,,69.0,,,62.0,,,,,,63.0,,,74.0,,,,,,,,,,,46.0,,,,54.0,61.0,82.0,,63.0,61.0,63.0,67.0,82.0,57.0,57.0,74.0,,,68.0,69.0,82.0,76.0,83.0
,,,,,,96.0,,,102.0,,,,,,109.0,,,104.0,,,,,,103.0,,,100.0,,,,,,,,,,,101.0,,,,,77.0,80.0,,57.0,59.0,59.0,91.0,138.0,59.0,65.0,64.0,,,55.0,61.0,62.0,97.0,138.0
,,,,,,101.0,,,109.0,,,,,,110.0,,,101.0,,,,,,110.0,,,109.0,,,,,,,,,,,100.0,,,,,65.0,82.0,,60.0,63.0,59.0,100.0,150.0,60.0,65.0,63.0,,,57.0,60.0,65.0,104.0,125.0
,,,,,,98.0,,,101.0,,,,,,100.0,,,101.0,,,,,,107.0,,,89.0,,,,,,,,,,,99.0,,,,,77.0,73.0,,56.0,61.0,57.0,93.0,137.0,57.0,65.0,64.0,,,57.0,63.0,58.0,103.0,137.0
,,,,,,96.0,,,89.0,,,,,,92.0,,,92.0,,,,,,97.0,,,86.0,,,,,,,,,,,97.0,,,,,71.0,68.0,,51.0,52.0,52.0,84.0,122.0,54.0,59.0,57.0,,,55.0,49.0,61.0,98.0,147.0
,,,,,,91.0,,,91.0,,,,,,92.0,,,82.0,,,,,,91.0,,,86.0,,,,,,,,,,,84.0,,,,,58.0,71.0,,51.0,47.0,50.0,81.0,105.0,49.0,55.0,57.0,,,53.0,54.0,57.0,86.0,122.0
,,,,,,90.0,,,98.0,,,,,,96.0,,,102.0,,,,,,97.0,,,98.0,,,,,,,,,,,87.0,,,,,74.0,71.0,,55.0,65.0,53.0,107.0,163.0,55.0,65.0,58.0,,,51.0,59.0,59.0,99.0,158.0
,,,,,,88.0,,,88.0,,,,,,102.0,,,87.0,,,,,,84.0,,,88.0,,,,,,,,,,,97.0,,,,,68.0,73.0,,51.0,56.0,57.0,92.0,138.0,49.0,61.0,59.0,,,51.0,55.0,59.0,93.0,145.0
,,,,,,80.0,,,74.0,,,,,,86.0,,,86.0,,,,,,87.0,,,87.0,,,,,,,,,,,78.0,,,,,36.0,37.0,,43.0,18.0,31.0,62.0,92.0,46.0,30.0,23.0,,,43.0,27.0,35.0,54.0,95.0
,,,,,,98.0,,,107.0,,,,,,98.0,,,99.0,,,,,,97.0,,,89.0,,,,,,,,,,,90.0,,,,,55.0,72.0,,51.0,41.0,47.0,82.0,122.0,55.0,49.0,57.0,,,47.0,41.0,55.0,77.0,125.0
,,,,,,84.0,,,84.0,,,,,,79.0,,,78.0,,,,,,82.0,,,77.0,,,,,,,,,,,82.0,,,,,18.0,32.0,,48.0,13.0,22.0,37.0,78.0,46.0,20.0,21.0,,,44.0,21.0,23.0,56.0,55.0
,,,,,,92.0,,,86.0,,,,,,80.0,,,93.0,,,,,,91.0,,,73.0,,,,,,,,,,,77.0,,,,,25.0,56.0,,45.0,13.0,35.0,23.0,112.0,50.0,23.0,39.0,,,51.0,55.0,59.0,98.0,138.0
,,,,,,89.0,,,90.0,,,,,,82.0,,,84.0,,,,,,93.0,,,79.0,,,,,,,,,,,77.0,,,,,32.0,45.0,,50.0,18.0,31.0,71.0,88.0,49.0,28.0,39.0,,,46.0,30.0,43.0,64.0,97.0
,,,,,,97.0,,,97.0,,,,,,98.0,,,98.0,,,,,,98.0,,,98.0,,,,,,,,,,,96.0,,,,,77.0,79.0,,55.0,52.0,55.0,97.0,142.0,55.0,58.0,61.0,,,55.0,55.0,63.0,101.0,153.0
,,,,,,92.0,,,96.0,,,,,,90.0,,,98.0,,,,,,96.0,,,87.0,,,,,,,,,,,87.0,,,,,25.0,51.0,,57.0,11.0,29.0,54.0,47.0,50.0,15.0,33.0,,,51.0,55.0,59.0,98.0,138.0
,,,,,,87.0,,,86.0,,,,,,101.0,,,96.0,,,,,,93.0,,,90.0,,,,,,,,,,,90.0,,,,,65.0,71.0,,50.0,53.0,47.0,82.0,142.0,53.0,59.0,55.0,,,50.0,51.0,60.0,91.0,145.0
,,,,,,101.0,,,101.0,,,,,,102.0,,,91.0,,,,,,101.0,,,96.0,,,,,,,,,,,93.0,,,,,,59.0,,34.0,31.0,33.0,90.0,175.0,33.0,37.0,38.0,,,35.0,36.0,38.0,96.0,203.0
,,,,,,98.0,,,98.0,,,,,,113.0,,,97.0,,,,,,93.0,,,98.0,,,,,,,,,,,108.0,,,,,,61.0,,34.0,37.0,38.0,102.0,230.0,33.0,41.0,39.0,,,34.0,37.0,39.0,103.0,242.0
,,,,,,99.0,,,100.0,,,,,,91.0,,,93.0,,,,,,103.0,,,88.0,,,,,,,,,,,86.0,,,,,,38.0,,33.0,12.0,21.0,79.0,147.0,33.0,19.0,26.0,,,31.0,20.0,29.0,71.0,162.0
,,,,,,108.0,,,108.0,,,,,,109.0,,,109.0,,,,,,109.0,,,109.0,,,,,,,,,,,107.0,,,,,,66.0,,37.0,35.0,37.0,108.0,237.0,37.0,39.0,41.0,,,37.0,37.0,42.0,112.0,255.0
,,,,,,110.0,,,111.0,,,,,,101.0,,,103.0,,,,,,114.0,,,98.0,,,,,,,,,,,96.0,,,,,,,,22.0,8.0,14.0,88.0,245.0,22.0,13.0,17.0,,,21.0,13.0,19.0,79.0,270.0
